hours_studied,attendance,homework_completion,previous_scores,sleep_duration,passed
28.16,53.87,54.13,84.4,7.98,0
12.16,89.11,22.52,87.06,9.04,0
9.85,52.94,83.77,70.45,8.94,0
22.5,88.06,58.07,84.36,6.21,1
29.06,92.23,49.32,50.26,5.05,1
17.5,72.49,60.57,62.36,4.68,0
39.25,77.73,33.44,86.32,8.07,1
27.71,91.88,80.48,41.04,9.73,1
19.76,98.53,59.08,55.23,9.78,1
16.29,50.89,84.91,59.91,6.12,0
14.38,56.49,59.1,91.66,6.2,1
29.43,93.21,17.12,47.07,7.28,1
18.1,83.93,76.77,53.61,6.98,0
3.33,63.62,86.06,67.56,5.11,0
16.52,72.26,77.95,65.4,9.45,0
29.78,55.56,44.87,66.14,4.28,0
8.12,51.43,66.55,60.92,4.9,0
7.84,86.6,77.31,45.15,4.55,0
21.73,86.2,29.1,67.02,4.76,0
21.74,84.71,12.71,59.88,6.85,1
25.74,94.22,95.89,83.2,4.66,1
34.13,64.33,93.54,98.63,4.86,1
29.25,71.18,68.24,77.26,5.84,0
24.83,62.53,58.82,78.23,7.26,1
29.18,81.27,96.34,43.11,8.41,1
13.6,81.85,77.78,78.1,8.66,0
15.11,70.39,43.69,66.61,6.38,0
9.9,96.76,87.37,47.23,4.4,0
12.45,74.43,83.45,94.45,5.59,1
25.61,95.88,54.46,67.5,4.75,1
4.59,86.52,35.13,96.73,8.54,0
17.91,96.93,36.26,85.53,8.97,1
17.8,87.89,55.1,75.91,9.4,1
20.25,61.23,87.25,97.41,9.25,0
17.61,84.48,42.37,45.4,5.78,0
13.18,61.92,10.84,68.5,6.99,0
17.63,64.53,32.52,71.69,7.29,1
35.84,61.07,1.02,63.78,8.35,0
37.82,74.82,87.79,87.62,8.62,1
20.57,71.7,24.71,57.08,6.63,1
25.33,95.36,95.87,55.58,5.71,1
5.51,79.66,37.9,44.84,5.64,0
13.37,67.99,53.27,84.86,7.3,0
17.18,81.17,76.06,61.01,8.5,0
34.79,67.08,4.05,48.95,9.86,0
10.77,91.82,41.09,71.99,7.44,1
19.84,54.45,40.11,96.26,5.24,0
39.44,60.94,3.83,98.11,8.93,1
21.26,54.7,70.05,55.14,7.81,1
24.9,93.36,75.91,64.94,6.08,1
5.7,63.6,59.46,51.5,9.37,0
33.23,99.74,42.59,69.67,7.72,1
24.52,57.6,19.56,74.81,7.82,0
22.26,66.21,19.4,66.39,4.79,0
14.37,94.67,67.1,69.83,8.71,1
12.86,81.77,48.62,79.86,9.55,0
17.26,74.74,65.19,61.9,9.67,0
27.57,58.19,91.8,87.91,4.01,0
35.14,89.55,63.69,87.12,6.62,1
20.91,66.65,6.51,51.36,6.08,0
27.1,87.66,66.79,66.19,5.53,1
23.85,79.14,2.0,95.94,4.42,0
25.37,80.83,95.35,47.84,6.14,1
27.31,66.26,26.41,42.23,7.78,0
33.85,53.75,54.02,78.72,9.68,0
4.24,79.77,60.49,77.71,5.79,0
30.78,87.17,21.66,69.48,6.09,1
10.5,78.8,13.44,93.62,7.52,1
8.57,80.06,80.59,75.7,8.82,0
23.33,84.87,69.24,77.36,8.89,1
4.73,52.24,61.18,90.33,7.28,0
35.53,61.18,17.22,41.88,6.41,0
25.46,80.69,75.57,83.24,6.57,1
29.21,56.78,64.67,45.21,8.33,0
1.63,63.51,58.15,63.0,9.82,0
24.18,52.25,45.74,70.66,9.65,0
22.71,60.76,16.43,81.4,7.16,1
7.2,50.58,18.93,44.14,8.43,0
6.97,90.92,82.82,87.42,6.86,1
28.13,79.39,22.08,79.89,6.02,1
13.43,77.33,90.87,49.91,8.16,0
27.99,50.28,15.26,78.06,9.36,0
22.62,92.51,66.74,82.88,6.79,1
16.17,50.0,41.07,68.94,9.11,0
37.08,89.37,62.48,66.35,7.53,1
33.83,60.95,4.44,86.67,6.24,0
14.94,91.01,35.58,91.41,4.87,1
2.7,56.46,19.06,40.74,4.41,0
12.89,77.37,11.69,43.65,9.85,0
16.53,51.47,2.93,90.64,4.47,1
28.49,77.73,4.03,96.2,9.94,1
39.82,56.65,70.27,66.26,8.21,1
14.88,90.31,49.74,72.55,7.88,0
30.74,61.81,31.86,46.18,6.87,0
24.13,55.8,8.75,57.47,9.7,0
27.98,51.52,17.38,82.76,7.44,1
6.89,78.71,27.08,69.07,6.56,0
16.56,83.1,48.66,88.8,6.79,1
10.39,94.74,93.67,56.66,8.93,0
14.39,53.09,33.96,65.68,9.25,0
21.01,69.6,35.68,88.79,7.63,1
27.0,58.15,71.36,91.01,4.1,0
5.13,75.11,48.53,65.47,4.51,0
6.1,61.92,28.25,67.54,9.71,0
13.56,70.55,15.61,54.22,7.34,0
26.8,68.43,3.87,65.53,9.79,0
34.01,84.5,22.12,69.84,7.33,1
22.58,87.1,92.23,58.39,8.77,1
34.32,71.23,99.38,47.39,7.96,1
16.01,62.2,80.42,61.76,8.16,1
13.35,89.73,46.17,76.29,7.25,0
14.82,92.4,71.45,48.55,8.56,1
7.67,77.0,82.33,90.62,6.99,0
33.34,62.48,35.94,72.64,8.82,1
14.21,89.19,17.76,59.02,5.75,0
22.54,67.8,16.25,69.05,4.26,0
23.56,95.93,57.4,53.11,4.92,1
21.34,63.34,6.24,57.88,6.27,0
1.1,97.01,99.38,51.51,9.29,0
39.55,71.4,44.66,67.62,9.27,1
36.31,87.66,22.87,61.65,6.08,1
9.1,60.44,51.79,60.84,6.55,0
12.41,81.24,24.87,93.47,7.29,1
21.28,79.11,61.71,57.8,7.99,1
36.17,71.02,82.13,52.02,6.63,1
39.36,86.77,42.28,49.22,8.23,1
11.04,90.9,73.72,40.44,7.13,0
23.01,86.36,59.22,59.13,5.02,1
32.47,90.65,16.93,78.31,9.06,1
16.38,87.26,21.42,78.9,6.43,1
29.51,57.48,54.47,99.46,4.6,1
7.28,88.62,84.91,95.0,5.38,1
24.43,59.53,44.43,48.55,6.79,0
34.77,54.96,62.58,91.05,7.27,1
39.36,95.08,75.89,45.43,9.41,1
4.1,79.91,79.84,65.9,5.99,0
17.71,58.82,64.76,70.14,9.27,0
8.98,81.81,78.18,96.73,4.82,0
18.57,66.64,60.51,74.13,5.17,0
22.36,57.08,92.45,88.26,5.1,1
4.64,89.97,34.22,98.3,7.53,1
12.58,55.5,83.63,89.44,7.32,0
37.18,98.12,64.79,53.27,5.87,1
23.19,88.6,57.32,52.8,8.74,1
18.84,85.61,71.81,59.65,7.47,1
30.39,61.96,2.31,91.43,8.1,1
29.93,87.98,78.13,80.12,5.64,1
2.89,51.13,22.93,65.27,7.49,0
28.64,77.69,15.38,59.26,8.97,0
33.73,65.54,66.44,60.65,6.33,0
7.47,91.61,90.27,77.22,9.31,0
31.46,88.07,55.0,40.41,5.51,1
12.17,74.39,23.37,50.07,9.72,0
12.95,73.62,73.91,88.2,7.93,1
26.95,53.66,89.87,50.04,9.23,0
5.34,61.73,73.48,90.22,6.39,0
26.93,85.36,80.84,59.36,6.49,1
35.63,53.28,93.52,97.86,7.57,1
28.16,89.36,52.5,50.5,4.21,1
18.17,98.98,90.26,42.53,9.74,1
18.09,53.95,80.26,88.91,9.4,0
30.84,72.89,35.0,55.38,6.1,0
23.06,78.95,32.72,47.21,6.13,0
4.31,90.65,20.8,93.45,8.49,1
23.72,57.5,66.59,79.84,6.25,0
32.78,68.01,88.47,42.42,7.06,1
14.15,91.78,8.38,49.25,7.99,0
37.18,75.91,57.9,84.47,6.77,1
30.28,58.17,69.89,93.17,5.84,1
23.39,93.47,81.52,69.04,7.0,1
30.31,96.81,55.74,97.95,6.74,1
4.09,86.98,66.02,65.14,9.43,0
34.52,98.68,52.34,96.21,8.57,1
33.04,96.33,19.19,59.14,9.17,1
36.48,56.07,6.83,71.29,9.7,0
6.02,70.46,25.59,42.09,9.55,0
4.19,79.84,81.37,82.81,9.19,0
6.4,86.62,12.13,78.77,4.11,0
16.58,76.75,7.17,58.93,4.58,0
17.55,82.46,22.2,42.39,7.68,0
22.93,55.84,28.97,95.74,7.08,0
5.77,70.31,40.22,67.12,5.45,0
8.85,50.34,83.3,74.53,5.62,0
32.65,82.59,62.42,63.13,8.54,1
19.25,58.22,75.05,63.1,8.29,1
32.51,70.2,89.06,51.74,4.92,1
1.29,74.93,76.74,69.71,5.89,0
22.51,83.32,26.17,93.82,9.95,1
37.35,88.16,54.84,99.22,7.39,1
23.7,85.76,45.32,85.91,7.42,1
9.04,78.39,82.21,98.8,9.56,1
28.99,76.44,25.0,77.55,9.01,1
15.78,92.84,60.85,51.31,8.05,1
27.07,93.34,3.95,92.13,5.24,1
2.14,53.09,32.44,91.18,9.63,0
25.8,63.51,47.0,67.38,8.06,1
2.26,96.08,20.65,75.4,4.23,1
30.05,79.63,67.25,72.58,6.52,1
19.44,56.73,36.81,76.33,5.93,0
5.75,53.56,18.8,83.87,8.35,0
22.16,54.72,86.87,82.99,8.43,0
3.6,88.49,20.05,89.0,7.26,0
26.48,61.1,57.61,49.93,9.74,1
39.85,62.15,48.55,72.84,6.97,1
31.01,56.53,44.42,46.52,6.04,0
23.38,79.98,23.67,81.42,8.41,1
5.0,75.69,82.02,90.26,5.79,1
28.29,64.08,64.29,80.4,5.58,1
26.79,82.91,80.39,76.76,6.82,1
2.91,88.89,72.58,58.1,8.0,0
31.9,98.98,76.44,93.5,4.29,1
21.23,73.94,19.21,64.91,7.37,0
17.61,70.65,60.89,97.22,4.34,1
31.74,64.61,78.8,98.18,9.86,1
17.05,89.23,49.7,54.81,5.07,0
19.76,98.61,61.91,83.58,9.41,1
8.08,80.02,27.21,46.69,5.84,0
13.53,82.12,45.62,94.3,4.83,0
33.98,84.46,83.86,47.89,7.55,1
8.29,71.16,20.97,47.68,9.0,0
17.27,61.02,71.13,90.07,5.31,0
39.57,62.81,63.56,51.52,9.08,0
10.23,80.86,7.52,68.06,8.19,0
36.76,81.88,66.45,52.19,9.22,1
36.82,73.1,45.61,78.06,7.6,1
4.56,52.17,18.19,82.19,5.29,0
19.08,93.86,42.73,65.09,8.24,1
20.59,62.22,12.67,84.05,5.65,0
13.23,79.05,94.75,46.41,4.55,0
2.85,86.93,97.46,91.46,6.98,1
10.43,59.22,42.59,83.82,5.01,0
4.73,73.66,20.99,49.34,8.07,0
10.29,50.07,79.66,52.49,5.45,0
32.5,52.37,31.61,61.63,7.38,0
35.9,62.52,35.66,79.15,5.24,1
2.69,82.94,40.05,82.16,9.51,0
12.78,94.33,71.57,96.12,9.43,1
39.24,71.22,61.23,60.26,8.38,1
22.04,51.25,99.13,64.33,5.69,0
25.43,64.64,83.99,82.14,5.7,1
1.22,97.85,97.47,61.83,5.62,0
19.91,55.56,77.3,80.88,5.94,1
39.54,87.79,42.25,73.45,4.25,1
15.63,87.37,92.13,48.68,7.48,1
4.78,79.5,40.25,64.78,7.46,0
19.01,96.54,10.04,42.21,4.59,0
38.56,82.11,22.13,88.15,7.34,1
14.33,98.33,97.88,96.37,5.21,1
32.16,91.31,18.15,92.81,7.46,1
32.16,89.7,39.53,64.24,7.25,1
9.12,97.55,83.02,51.62,5.55,0
18.29,80.85,50.34,63.76,5.56,1
28.91,66.12,65.42,55.96,7.74,1
17.01,55.18,87.32,96.9,6.41,1
8.45,84.71,10.76,77.06,9.35,0
38.73,76.16,47.71,69.68,9.81,0
26.38,69.27,32.34,72.96,9.89,0
34.75,97.49,63.4,48.71,4.86,1
1.98,95.62,49.54,94.8,9.12,1
11.41,68.9,34.16,46.45,4.76,0
20.58,97.27,20.25,61.51,4.26,1
3.63,71.6,14.48,63.03,4.16,0
39.73,60.31,74.33,88.39,9.24,1
10.22,81.03,82.71,56.46,4.44,0
15.6,54.71,78.41,71.36,7.45,0
9.35,57.63,67.3,88.62,7.49,0
5.11,90.71,62.6,96.73,8.2,1
10.07,90.96,40.86,62.0,6.56,1
12.72,62.03,63.87,64.75,5.66,0
25.74,87.34,11.75,43.16,6.81,0
11.97,98.68,57.02,57.21,7.35,1
15.13,97.89,58.08,75.76,5.79,1
1.23,72.23,49.54,61.87,5.29,0
15.26,93.2,80.34,43.89,9.92,1
21.82,77.86,36.95,41.96,7.74,1
7.32,78.24,32.2,42.84,5.74,0
24.3,61.96,10.64,55.75,7.88,0
12.43,69.21,31.78,74.01,7.5,0
25.65,60.74,36.47,66.61,4.94,0
2.02,87.12,8.81,67.02,5.96,0
35.62,82.03,73.79,84.93,4.04,1
1.63,90.22,3.4,53.39,8.61,0
5.95,80.99,90.66,95.74,6.65,1
31.31,63.86,10.32,41.5,4.46,0
2.79,97.63,23.48,90.88,6.35,1
28.73,82.54,17.13,80.61,4.41,0
38.87,73.82,63.83,49.46,6.64,1
35.0,88.88,99.01,48.7,9.12,1
28.7,62.73,83.4,42.9,7.09,0
38.38,90.54,6.84,62.27,4.54,1
17.76,66.91,11.13,70.87,6.95,0
35.04,53.73,53.63,75.73,4.91,1
14.88,89.14,77.99,64.08,6.19,1
37.26,59.55,71.24,46.07,8.53,1
6.8,82.22,51.02,61.3,9.05,0
37.66,63.49,2.56,74.1,4.35,0
33.48,84.27,98.6,91.05,6.48,1
34.0,56.3,76.08,64.98,4.58,1
5.83,81.2,61.17,54.4,6.99,1
24.26,59.6,71.17,90.79,7.97,0
1.64,75.17,59.65,67.0,7.8,0
29.13,93.64,70.24,94.62,5.31,1
1.3,73.77,32.99,65.31,8.49,0
4.31,88.6,81.02,47.11,7.61,0
9.79,57.32,6.82,75.93,5.04,0
35.13,82.86,48.32,87.41,7.49,1
15.18,57.6,95.82,84.46,10.0,0
22.06,88.43,57.07,96.3,7.69,1
23.16,85.7,22.19,46.2,6.52,0
9.79,70.12,54.37,97.0,5.2,0
23.31,73.5,24.88,53.07,6.06,0
26.78,58.42,33.16,69.74,8.39,0
12.63,81.78,0.01,92.82,4.81,0
17.33,95.63,88.62,59.93,8.49,1
18.67,78.02,13.25,59.25,8.62,0
37.36,65.76,79.23,75.84,7.46,1
23.91,70.47,74.9,46.67,4.49,0
37.98,60.91,1.94,99.51,7.96,1
22.69,72.09,1.81,64.77,7.83,0
20.52,74.76,34.27,48.34,7.17,1
1.14,97.04,33.35,92.34,8.86,0
19.75,71.5,52.17,43.14,4.93,0
37.17,93.11,11.74,92.63,8.33,1
8.74,58.34,53.7,56.69,8.29,0
3.03,77.26,77.86,64.05,8.11,1
16.86,79.54,75.76,56.92,9.24,1
15.52,79.69,81.93,42.15,7.77,1
34.43,75.11,68.84,97.16,7.95,1
2.04,88.36,28.64,45.23,8.91,0
36.89,58.64,83.45,41.06,5.08,1
27.56,53.41,61.57,85.2,4.92,0
36.26,57.14,26.6,83.69,8.88,0
24.69,78.16,36.8,60.53,7.38,1
32.67,62.49,51.87,40.03,6.16,0
14.09,86.93,2.87,41.09,4.75,0
14.63,53.14,87.34,50.26,4.64,0
16.21,95.45,40.5,76.23,8.83,1
30.44,97.59,37.41,55.12,4.51,0
15.4,89.28,19.46,56.87,5.51,0
10.45,93.9,48.28,97.78,4.67,1
37.57,68.92,24.15,93.98,4.76,1
36.41,57.98,83.21,47.59,7.81,1
14.6,60.0,99.73,76.51,8.67,0
25.75,75.06,35.2,54.76,7.55,0
11.68,83.07,15.31,41.31,9.03,0
9.04,78.44,5.64,50.0,7.38,0
14.12,55.25,56.99,46.03,8.16,0
13.76,86.36,75.33,88.2,4.02,1
35.41,89.45,90.35,42.06,8.58,1
33.07,51.48,6.09,42.31,5.06,0
28.68,72.94,95.49,76.27,5.98,1
38.41,71.89,35.93,95.65,6.97,1
17.48,53.36,6.15,40.46,4.6,0
10.56,58.84,10.46,83.75,8.81,0
5.58,90.75,70.03,62.08,8.99,0
12.74,79.23,37.07,66.11,4.71,0
6.67,60.95,58.54,62.51,6.92,0
4.6,72.92,86.38,77.31,9.15,0
24.51,92.73,43.06,47.52,5.82,1
15.2,55.11,59.15,46.94,9.57,0
23.02,97.77,86.58,60.18,4.79,1
8.46,57.07,98.72,45.56,4.53,0
27.4,64.54,74.51,92.39,4.85,1
9.4,59.07,66.48,99.49,5.06,0
11.84,73.48,36.03,97.89,5.44,0
29.93,65.53,94.59,71.7,4.68,1
22.83,99.43,56.01,87.8,9.13,1
14.06,50.77,38.59,98.36,9.77,0
22.18,66.08,42.13,82.58,5.17,0
28.07,79.73,2.94,95.38,5.33,0
36.57,67.0,71.74,49.77,7.31,1
23.65,72.79,71.68,96.89,6.87,1
10.07,71.26,31.77,49.65,8.0,0
30.12,54.31,28.67,43.41,4.55,0
31.33,82.45,77.33,98.88,6.85,1
8.82,91.7,21.93,99.32,4.97,0
33.0,76.39,64.8,46.45,9.6,1
19.13,57.48,81.8,64.68,8.88,0
31.41,74.06,35.3,78.16,5.73,1
10.26,50.71,4.95,91.07,5.29,0
13.97,95.37,35.8,62.31,7.85,0
38.19,62.03,67.52,94.96,4.52,1
26.65,95.12,44.17,48.66,4.33,1
31.14,79.21,92.43,41.97,5.39,1
27.85,99.17,52.41,64.34,8.3,1
8.97,92.47,97.02,71.68,6.43,0
19.36,50.55,66.34,95.22,5.78,0
32.55,50.76,81.76,93.63,7.08,1
27.33,87.17,63.85,65.95,8.18,1
1.24,75.84,50.43,91.84,7.24,0
4.41,87.77,57.04,49.87,9.38,0
14.52,79.48,82.44,52.75,8.39,0
37.83,61.61,56.4,70.71,9.61,1
20.16,89.33,92.39,42.92,4.09,1
11.54,51.55,30.4,85.39,9.41,0
15.06,90.33,42.14,72.11,5.86,1
9.22,83.25,46.58,48.63,8.69,0
17.43,83.66,66.05,70.65,9.86,1
9.5,52.19,77.86,69.84,4.2,0
33.98,60.49,62.98,78.35,9.92,1
18.79,74.45,87.24,43.39,7.56,1
11.91,72.1,96.66,62.16,9.27,1
37.38,51.32,3.59,88.43,7.88,1
13.26,66.79,0.24,41.52,7.9,0
36.48,98.37,25.01,78.32,4.89,1
2.69,65.33,10.51,60.47,8.14,0
28.58,81.64,81.09,80.52,8.33,1
19.87,84.08,80.56,57.55,4.58,1
18.32,81.18,12.19,94.24,4.52,0
2.42,64.48,51.19,58.07,6.63,0
2.59,78.58,91.55,90.76,5.89,0
13.98,85.2,14.33,50.39,9.09,0
37.94,69.17,64.53,98.83,7.94,1
25.09,64.02,74.56,61.75,5.06,1
15.39,63.75,91.14,70.23,5.19,0
24.87,95.91,59.3,90.25,5.81,1
9.04,82.22,50.07,44.56,7.41,0
7.44,87.62,46.4,49.03,7.01,0
15.11,78.39,32.11,60.29,6.87,1
34.67,81.52,46.14,63.35,4.19,1
20.87,63.83,18.12,88.69,7.25,0
12.58,94.64,67.65,53.49,4.12,0
38.06,75.06,21.38,88.63,6.66,1
32.82,90.27,4.99,84.11,5.24,1
13.6,75.9,47.0,88.97,5.83,0
38.91,55.82,79.98,90.18,7.91,1
39.51,55.59,23.02,84.54,6.38,1
16.94,73.21,81.08,50.87,7.54,0
26.58,71.49,72.1,68.58,8.42,1
16.82,95.66,62.83,86.99,8.31,1
11.04,56.59,58.94,53.72,7.24,0
4.22,84.33,27.23,88.69,9.21,0
11.28,95.91,48.25,80.92,9.34,1
11.59,70.55,24.78,87.2,8.02,0
16.55,94.25,14.5,46.31,4.46,0
8.21,57.22,58.44,73.3,4.67,0
38.2,55.27,77.13,84.32,7.67,1
5.01,61.67,44.0,73.05,5.4,0
25.38,76.06,73.68,45.69,9.72,1
18.23,82.32,70.49,96.8,5.39,1
17.52,88.56,45.23,78.01,7.02,1
15.51,88.33,74.64,70.45,4.46,0
34.86,55.59,31.69,61.22,7.64,0
11.94,93.7,80.45,54.96,8.57,1
1.8,55.62,33.48,70.65,8.19,0
36.81,94.89,68.28,43.39,6.37,1
34.71,97.88,67.71,96.45,6.08,1
11.8,79.2,41.59,50.44,5.61,0
21.42,84.69,71.1,58.92,5.76,1
5.25,68.49,89.02,89.6,8.66,1
4.64,77.53,6.77,97.59,8.62,0
33.66,91.6,29.54,71.01,8.72,1
17.0,57.97,11.91,84.16,9.64,0
26.81,75.09,17.87,96.22,7.49,1
37.78,70.46,19.12,43.36,4.95,0
10.56,93.32,96.43,40.14,5.57,0
1.51,56.55,70.04,87.86,6.64,0
1.94,94.59,58.03,69.21,4.03,0
28.67,62.51,58.68,82.56,6.15,1
37.06,80.28,9.34,63.66,6.59,0
19.23,68.99,36.59,48.03,4.38,0
15.63,96.64,89.39,43.52,8.79,1
22.17,59.88,1.02,94.23,8.08,1
34.5,75.13,1.94,89.81,8.36,0
26.43,61.41,27.44,88.61,4.48,0
10.09,90.06,63.48,53.88,7.33,1
31.21,63.55,86.75,98.2,7.13,1
6.25,97.67,3.37,92.94,7.34,0
7.46,96.22,51.88,70.12,7.59,0
24.89,73.76,62.79,97.64,5.52,1
10.31,50.65,6.08,83.58,8.42,0
28.49,98.27,47.27,41.17,6.76,1
14.63,84.3,90.33,98.2,5.2,1
11.82,74.6,35.56,73.53,7.9,0
39.96,80.2,46.25,44.28,6.01,1
2.58,55.55,56.91,61.83,6.11,0
26.19,57.88,13.73,64.55,5.51,0
2.51,81.95,46.84,90.55,7.16,0
30.65,52.45,52.56,41.68,6.92,0
9.97,85.12,15.5,78.89,6.56,0
4.5,95.99,75.35,93.86,6.42,1
26.29,85.45,12.01,79.41,5.08,1
29.57,78.03,23.79,63.16,6.95,0
27.45,89.71,64.55,67.9,6.06,1
3.02,87.42,28.9,95.71,7.52,0
12.48,79.53,9.45,44.42,4.04,0
18.59,59.85,48.21,66.98,4.84,0
12.2,50.39,34.94,75.63,7.02,0
32.61,72.87,44.36,47.09,6.95,1
6.11,62.05,17.59,76.15,5.81,0
24.87,61.36,97.15,45.6,6.58,1
39.54,75.33,14.19,98.61,7.19,1
36.2,68.77,29.28,56.91,6.46,0
9.66,75.2,49.49,69.67,7.0,1
1.0,63.46,91.59,99.36,5.23,0
39.24,80.51,8.85,56.43,8.72,1
35.43,81.1,61.78,68.95,5.13,1
36.86,60.45,16.75,80.6,6.94,0
17.2,78.37,65.12,94.92,8.04,1
30.04,72.26,57.1,65.96,8.44,1
9.3,98.47,80.72,58.14,6.27,0
16.3,86.09,4.31,65.16,8.04,0
34.21,59.09,11.6,64.41,7.04,0
5.98,94.1,70.52,73.68,7.01,1
35.86,73.85,21.58,49.62,5.23,0
20.36,92.34,0.14,43.57,4.54,0
17.62,91.55,88.02,40.08,4.64,1
12.92,50.87,96.95,56.51,5.12,0
36.76,61.68,28.14,59.11,6.85,1
21.19,95.55,34.23,98.09,5.27,1
32.36,88.49,30.71,53.05,5.25,1
34.45,56.77,64.57,72.69,6.1,0
36.97,60.61,43.04,92.12,8.47,1
12.83,80.93,7.74,84.33,9.16,0
14.25,63.93,63.1,43.55,5.55,0
24.21,60.21,77.36,62.36,4.08,1
18.21,99.17,94.0,79.91,6.76,1
37.38,72.93,40.47,40.37,5.66,1
16.5,75.97,8.49,97.2,6.74,0
19.63,82.61,17.79,53.88,6.81,1
25.07,53.79,46.68,69.22,9.03,0
16.78,69.83,69.0,44.27,4.27,1
39.71,95.27,65.55,49.05,9.99,1
4.86,97.16,78.89,60.65,4.54,0
9.6,74.76,53.95,46.7,8.86,0
13.58,94.61,83.51,54.48,8.35,1
6.76,74.95,21.79,69.47,5.25,0
12.08,99.28,31.38,74.24,5.85,1
31.39,89.36,12.34,90.0,9.72,1
21.39,91.52,42.76,55.1,7.33,1
2.32,59.32,56.47,87.06,7.08,0
39.32,50.22,46.04,98.91,7.55,1
25.02,75.25,32.42,95.82,9.87,1
3.3,99.14,16.32,47.89,5.98,0
26.79,98.36,72.03,65.93,7.48,1
15.76,80.71,51.59,79.35,7.62,1
6.29,59.23,74.86,44.28,5.15,0
22.98,50.45,61.88,63.98,9.82,0
29.36,74.82,59.14,94.44,6.35,1
27.17,65.1,98.77,91.33,6.37,1
10.65,66.84,83.4,42.87,9.46,0
21.47,91.66,55.78,86.31,8.51,0
21.97,54.47,29.27,86.37,6.19,0
28.96,54.54,18.67,44.23,5.51,0
15.03,72.13,95.64,79.27,4.03,1
32.11,70.67,98.87,85.51,5.7,1
25.49,53.19,93.46,52.16,4.87,1
2.49,77.28,14.69,84.08,5.45,0
22.31,71.6,70.52,91.89,9.75,1
34.61,99.65,63.65,72.27,5.25,1
23.14,53.3,41.2,50.6,4.07,0
7.86,55.87,23.62,96.21,5.25,0
20.9,57.92,83.12,67.28,7.73,0
30.52,66.24,77.25,85.36,9.33,1
5.29,83.22,66.06,88.56,6.38,1
32.87,98.33,63.18,80.24,9.05,1
7.53,95.38,82.98,49.11,7.75,0
21.83,72.11,37.75,95.41,4.72,0
16.04,53.55,74.19,90.67,7.41,0
10.7,82.25,30.18,75.22,7.52,1
26.25,70.88,93.9,73.29,5.74,1
2.46,51.17,32.71,59.86,7.41,0
30.64,90.87,76.3,95.23,9.55,1
21.55,76.46,73.36,72.27,5.22,0
35.16,71.89,80.83,72.65,9.52,1
21.31,86.18,85.42,77.42,9.97,1
2.37,92.91,60.84,63.51,5.54,0
6.6,96.61,19.89,59.57,5.15,0
32.03,66.58,24.31,86.48,4.01,0
20.19,59.19,16.24,85.44,7.34,0
18.23,66.52,74.7,75.32,5.73,0
13.42,98.82,56.35,80.11,9.83,1
12.1,54.92,47.23,76.15,7.32,0
38.67,97.51,88.99,67.47,7.11,1
17.89,80.92,7.81,89.2,5.77,0
35.48,50.48,38.9,48.77,4.89,0
26.28,92.96,14.32,87.43,5.0,1
34.48,84.06,0.24,54.41,9.28,0
34.25,57.23,37.02,45.8,8.18,0
38.3,67.07,50.31,96.41,4.03,1
28.22,93.64,5.9,76.64,8.57,1
32.41,86.43,41.56,77.05,8.8,1
29.59,65.93,22.11,94.88,8.33,0
24.6,89.71,46.9,53.13,4.91,0
28.98,62.74,76.38,70.61,6.55,1
28.91,77.47,42.69,99.96,7.57,1
2.6,96.68,14.28,62.74,9.49,0
21.13,71.81,56.1,94.4,9.57,0
31.91,77.81,13.42,81.45,5.99,1
10.48,88.81,85.06,78.67,4.22,1
19.14,60.19,63.03,48.45,9.76,0
17.96,72.45,4.56,86.22,9.68,0
16.71,96.0,52.42,44.73,7.33,1
5.75,82.59,47.66,50.36,8.33,0
21.5,85.07,84.04,88.45,5.56,1
18.4,98.11,84.35,69.52,6.62,1
26.87,79.45,73.17,70.71,5.29,1
22.43,93.53,82.21,72.59,5.48,1
2.07,99.62,61.05,51.18,5.96,0
2.24,83.81,59.34,54.17,5.69,0
28.35,84.24,34.79,93.9,6.55,1
28.6,59.05,43.61,71.54,9.82,0
38.44,73.15,55.74,72.41,6.47,1
35.19,86.89,45.58,50.3,4.69,1
19.25,67.13,67.27,87.75,4.68,0
25.41,55.84,37.64,84.37,7.68,0
18.83,51.05,69.08,52.0,7.9,0
9.69,83.44,34.31,71.29,4.73,0
15.69,51.66,55.83,93.47,4.84,0
5.05,74.41,82.08,45.71,8.26,1
26.99,94.14,78.39,76.88,9.64,1
8.49,91.2,34.28,77.21,6.74,1
19.54,85.97,73.73,44.16,5.28,0
38.73,92.99,41.6,82.15,7.62,1
2.24,87.42,6.72,44.64,4.46,0
6.92,50.91,3.83,55.42,6.05,0
12.64,73.56,87.59,95.23,5.31,0
37.73,50.73,11.66,82.96,5.52,1
36.44,77.75,76.14,61.38,7.38,1
7.32,61.81,38.97,62.83,6.73,0
39.26,72.06,21.74,40.57,8.96,0
30.28,60.2,23.64,42.17,6.92,1
22.06,90.96,51.24,92.98,6.48,1
37.34,59.22,94.15,46.67,7.03,1
35.34,66.32,56.28,86.21,7.98,1
16.26,50.76,51.44,45.49,7.19,0
26.6,65.48,36.1,74.16,4.19,0
26.25,51.31,13.33,51.86,6.95,0
13.75,72.5,12.58,97.09,4.02,0
8.0,51.35,54.88,98.49,8.49,0
19.21,69.41,40.07,61.5,5.67,0
11.27,80.33,32.15,89.29,4.53,0
14.85,95.5,23.41,57.15,6.42,1
38.21,77.68,77.8,84.95,8.6,1
18.98,75.75,98.93,50.59,4.2,0
27.71,52.36,27.75,78.37,5.53,0
14.11,68.71,73.77,97.36,7.74,1
39.84,69.68,15.74,50.97,5.21,0
26.69,66.18,71.14,49.86,6.33,0
8.64,94.46,26.78,66.77,7.85,0
4.83,69.79,88.34,97.53,6.88,1
37.78,60.55,14.29,66.7,7.67,0
37.85,89.25,52.82,52.58,7.31,1
25.23,90.63,69.08,41.7,8.67,1
1.66,67.27,14.49,61.8,7.95,0
9.8,91.07,72.3,84.18,9.19,0
32.25,85.28,89.82,57.24,6.12,1
35.14,55.5,73.48,67.0,6.95,1
18.71,68.41,33.96,51.13,4.46,0
15.26,92.6,28.79,82.33,4.59,0
11.69,68.65,1.02,66.41,7.02,0
5.56,93.25,69.99,45.59,6.64,1
5.51,72.27,97.28,59.87,9.53,1
38.15,78.23,85.2,83.39,6.07,1
32.54,69.47,11.54,80.17,6.53,1
7.43,80.67,84.18,85.81,5.85,1
9.07,76.2,60.66,94.47,9.12,1
26.57,92.13,9.37,71.2,6.61,1
30.82,98.37,65.93,48.27,7.98,1
32.6,64.46,6.62,69.32,4.07,0
7.37,57.71,2.74,40.25,9.91,0
39.38,66.38,73.04,72.29,8.41,1
9.88,85.62,81.84,95.45,5.81,1
23.99,60.54,35.82,99.0,7.78,0
23.92,66.1,12.21,98.44,7.9,1
38.73,96.75,43.3,53.1,4.91,1
26.65,87.67,56.93,81.0,4.18,1
23.81,97.68,55.46,57.74,9.61,1
21.23,54.33,71.03,57.74,9.02,0
30.82,74.37,85.0,63.97,9.07,1
5.14,95.23,97.5,79.34,7.5,1
1.08,71.97,47.26,48.32,8.56,0
38.15,84.47,30.29,75.0,4.5,1
20.45,58.51,31.66,90.94,4.66,0
13.81,62.34,21.03,78.12,9.72,0
15.35,71.18,64.26,70.58,9.27,0
32.35,65.69,42.59,58.1,8.58,0
15.91,82.19,67.19,50.57,8.39,1
31.04,91.32,21.09,49.34,5.29,1
18.18,67.9,62.78,65.03,6.5,0
33.92,88.16,88.52,81.68,7.12,1
3.97,64.01,84.66,65.98,8.1,0
19.76,70.15,97.81,79.48,5.38,1
19.21,51.78,47.86,98.62,5.57,0
11.31,57.23,14.25,96.85,5.78,0
37.8,55.62,25.7,59.14,7.58,0
36.3,78.85,81.4,66.17,6.61,1
18.3,81.38,43.51,47.29,6.24,0
4.79,52.77,71.04,61.85,7.25,0
9.06,77.93,69.24,87.71,7.63,1
11.59,87.66,67.82,90.66,6.42,1
19.88,75.21,2.88,43.29,9.12,0
14.2,73.08,67.69,72.63,8.59,0
31.19,81.71,62.09,82.02,9.29,1
19.57,69.12,28.17,77.8,9.42,0
34.94,80.38,2.18,81.56,9.05,1
39.84,96.23,39.13,98.66,6.08,1
9.57,92.74,53.87,46.78,4.17,0
24.86,86.89,74.6,83.18,4.38,1
34.05,93.68,85.09,90.3,5.94,1
37.86,64.99,93.01,88.31,4.23,1
12.31,87.52,22.36,75.79,7.07,0
29.35,64.58,21.6,84.61,4.5,0
1.59,75.82,45.73,49.19,5.81,0
35.29,74.39,30.96,77.56,9.24,0
3.49,52.37,11.1,63.76,5.52,0
29.6,78.52,96.73,82.97,6.41,1
39.79,75.25,68.63,89.78,9.24,1
20.55,75.96,73.05,69.75,8.42,1
9.16,51.59,78.01,42.05,9.42,0
24.19,68.71,10.43,62.05,9.25,0
25.34,71.16,88.59,71.66,4.97,1
27.05,86.82,65.15,44.38,7.11,1
7.73,86.72,21.18,45.69,9.84,0
36.05,69.08,45.87,53.59,4.61,1
25.22,70.18,31.44,91.55,5.44,0
2.7,85.54,93.48,77.98,6.96,1
27.68,70.98,49.06,84.03,4.01,1
8.65,80.33,91.3,86.39,6.11,1
2.07,63.37,31.04,79.3,5.48,0
22.49,52.69,89.43,76.12,6.35,0
32.72,84.71,73.89,72.36,5.86,1
34.54,83.44,92.53,85.45,9.77,1
5.04,54.17,23.3,75.84,7.66,0
26.86,51.22,32.78,69.79,7.44,0
28.69,50.12,90.4,85.36,6.0,1
12.49,56.49,1.28,55.37,8.63,0
38.88,60.6,12.5,41.68,9.86,0
11.87,92.85,4.61,93.63,7.51,0
3.73,71.67,79.5,98.18,7.11,0
21.25,82.61,97.33,81.07,6.15,1
28.08,98.49,71.85,87.38,7.72,1
10.54,72.1,92.09,42.49,7.61,0
14.2,89.95,92.32,49.04,6.87,1
22.98,69.31,69.58,92.41,7.16,1
35.58,87.07,61.1,65.45,6.33,1
30.15,63.2,36.22,41.91,7.63,0
9.17,94.39,49.03,51.2,8.15,1
10.82,52.61,51.51,74.12,9.42,0
21.43,72.62,94.84,71.1,6.4,1
30.99,99.43,2.79,53.83,5.81,1
25.13,57.19,89.11,98.38,9.49,1
20.55,55.06,15.56,85.03,5.98,0
24.29,66.59,70.84,82.59,9.49,0
30.49,56.8,55.76,76.22,7.75,0
21.95,83.89,3.0,86.31,8.8,1
36.01,80.72,8.87,47.25,8.99,0
37.94,76.31,17.99,94.49,5.76,1
36.7,98.51,35.22,88.24,6.62,1
30.43,65.8,2.67,96.54,5.44,1
10.61,72.2,38.0,46.04,9.09,0
16.03,73.17,4.71,40.26,9.23,0
11.92,85.25,75.58,87.21,7.05,1
26.65,61.37,82.53,99.14,7.76,1
13.64,87.78,55.53,84.25,8.38,1
30.42,59.27,17.31,95.81,9.36,0
5.43,98.85,69.28,66.16,4.71,1
31.24,97.62,12.37,53.05,5.42,0
23.85,69.98,95.64,94.25,8.73,1
33.58,93.99,16.17,40.23,5.46,1
17.8,69.72,66.8,74.86,9.14,0
25.37,77.06,74.39,81.29,5.64,1
22.62,87.38,56.26,42.89,7.13,1
39.05,87.93,5.67,94.75,8.7,1
30.46,94.29,84.98,94.93,4.79,1
22.25,73.09,79.49,97.43,5.01,1
7.79,79.69,70.42,88.91,5.55,0
36.26,78.49,16.98,67.82,4.35,0
9.03,75.28,13.21,72.61,5.19,0
26.35,84.73,62.29,86.0,4.98,1
37.52,62.98,14.22,70.73,5.21,0
9.72,53.26,78.99,76.39,8.12,0
9.81,75.93,34.01,90.86,4.2,0
34.22,71.42,14.13,46.79,9.31,0
33.28,76.36,28.86,94.61,5.09,1
14.72,80.65,22.03,54.88,8.24,0
11.34,68.25,37.49,41.41,6.09,0
5.97,65.35,64.3,41.46,7.03,0
39.53,83.79,70.88,93.48,8.05,1
33.58,70.02,84.89,83.27,7.48,1
36.08,91.66,58.18,92.45,5.76,1
21.03,88.11,56.23,71.64,4.6,1
5.46,95.07,18.2,74.04,8.42,0
3.05,54.81,8.65,48.55,7.4,0
13.89,58.04,94.1,97.13,5.64,1
36.89,80.39,29.8,62.82,7.76,1
37.96,85.42,30.64,72.44,8.97,1
33.81,60.55,98.08,59.64,6.98,1
7.19,51.21,1.03,54.1,7.24,0
17.38,93.08,92.49,71.32,8.52,1
10.6,88.91,13.21,70.86,8.46,1
9.01,96.06,52.17,98.83,4.4,1
27.71,64.48,7.36,72.78,4.02,0
19.96,75.49,2.88,87.68,7.59,1
13.67,86.34,56.93,87.87,9.15,0
4.91,81.29,48.9,78.86,8.96,0
22.25,50.62,24.82,56.44,9.92,0
14.53,75.49,56.85,91.89,4.29,1
16.25,99.09,79.38,74.59,5.27,1
13.11,61.62,67.64,94.54,5.26,0
16.1,72.8,26.71,43.07,6.3,0
22.68,90.38,61.3,43.91,7.92,1
1.55,63.31,25.07,86.57,8.62,0
34.06,70.33,54.05,47.32,6.02,0
36.95,84.52,42.96,63.26,5.84,1
22.47,72.49,49.38,53.46,5.06,0
11.45,97.7,53.7,69.47,5.18,1
39.62,92.51,29.49,50.7,7.02,1
15.94,64.5,46.15,92.96,6.97,0
28.05,50.03,86.6,96.49,7.06,1
27.91,76.81,87.84,74.76,8.02,1
17.94,92.66,13.11,51.7,7.69,1
8.77,95.46,67.22,82.1,5.92,1
38.7,56.1,56.25,85.02,4.53,1
3.48,94.57,68.51,61.16,5.46,0
19.92,74.88,20.31,61.7,5.54,0
9.61,98.96,54.81,65.84,5.61,0
12.46,90.09,83.15,43.08,8.71,0
33.31,58.33,73.96,63.8,4.72,1
15.32,76.35,96.33,56.11,4.32,0
4.25,94.06,85.01,56.1,7.12,1
8.66,90.67,78.51,48.48,5.62,0
34.55,98.41,80.21,66.83,9.55,1
39.1,91.71,39.47,65.35,8.36,1
11.45,99.56,40.39,50.31,9.92,0
27.34,76.23,19.56,56.97,9.87,0
4.17,79.81,89.49,43.71,7.21,0
29.22,53.49,55.62,60.0,6.83,1
17.24,69.7,98.61,53.68,5.54,0
36.81,65.78,7.01,71.1,8.32,1
13.15,95.85,81.52,54.3,9.56,1
37.72,66.56,2.5,67.83,8.7,0
20.63,94.31,69.1,89.14,6.46,1
14.61,61.96,27.38,80.77,4.95,0
26.23,79.1,88.3,66.62,7.89,1
10.74,76.73,45.4,45.44,8.42,0
9.96,54.92,54.96,40.8,7.77,0
8.66,65.86,61.32,82.7,4.48,0
38.44,99.29,84.1,53.13,7.07,1
20.22,79.72,82.55,91.93,8.67,1
30.31,91.33,78.21,44.87,6.43,1
19.49,85.97,79.89,73.22,5.61,1
23.91,95.02,61.56,68.98,5.85,1
23.78,67.22,10.5,86.29,5.39,0
39.22,61.05,18.18,93.6,9.14,1
27.07,53.58,68.74,60.44,7.56,1
10.35,92.09,19.32,42.24,8.63,0
1.59,76.14,47.62,51.01,4.93,0
9.53,85.96,5.96,48.56,6.67,0
18.77,53.2,6.06,45.55,9.3,0
16.34,92.33,6.08,56.72,6.46,0
32.68,79.13,16.82,74.75,6.16,1
31.64,55.89,49.35,65.46,4.79,0
4.47,74.92,41.35,91.67,7.75,1
38.13,79.86,76.62,68.18,6.53,1
21.57,67.04,44.37,57.26,6.64,1
24.26,85.56,60.57,96.68,6.68,1
16.8,79.07,24.63,41.16,7.41,0
26.33,92.02,86.68,78.8,8.37,0
34.98,93.17,56.45,49.42,7.45,1
27.28,53.11,85.68,70.11,4.04,0
38.83,82.32,24.94,95.38,4.51,1
28.34,86.13,98.92,51.64,8.61,1
33.05,57.13,26.0,58.52,8.75,0
2.76,94.17,65.42,60.74,5.41,0
27.24,92.82,16.1,97.01,6.01,0
26.54,56.97,5.03,78.21,7.24,0
4.97,94.16,63.04,55.36,9.3,1
33.85,82.33,86.63,84.2,5.22,1
24.95,89.34,7.73,51.0,9.14,0
4.83,89.93,54.23,50.26,5.27,0
24.18,58.09,85.67,55.18,4.13,0
19.66,53.13,71.93,96.68,8.55,1
10.1,81.85,59.88,53.64,7.11,1
1.77,66.86,65.34,80.35,7.61,0
15.26,63.02,68.8,70.86,6.19,0
25.17,56.49,91.45,48.53,8.67,1
13.84,92.97,25.81,82.08,7.05,0
12.98,78.57,82.37,61.9,5.74,1
30.29,91.84,71.03,93.59,8.95,1
30.59,77.84,20.64,40.93,4.85,1
29.03,52.43,80.9,61.67,9.92,1
4.95,60.98,19.15,62.9,7.87,0
21.13,90.86,12.16,76.98,8.08,1
22.75,59.56,53.3,75.05,4.96,0
30.05,95.62,0.06,82.28,6.65,1
36.22,65.99,87.42,98.26,7.77,1
15.39,71.12,31.75,93.27,4.34,0
17.72,83.1,43.28,56.31,8.77,0
29.58,90.0,30.48,59.33,6.26,1
26.84,88.28,81.88,59.94,8.02,1
22.76,90.82,42.22,90.07,6.85,1
14.66,75.48,67.19,40.07,7.7,1
8.62,66.09,17.58,45.65,7.7,0
8.17,60.75,6.0,45.27,9.14,0
4.18,97.96,57.93,50.12,8.12,0
4.17,78.69,54.87,73.24,4.04,1
33.99,98.45,64.18,49.07,5.6,1
15.96,74.67,80.55,88.19,4.7,1
3.37,68.76,37.11,88.86,4.65,1
35.96,80.57,85.53,60.83,5.97,1
9.71,99.66,5.83,52.88,9.85,0
11.46,93.24,14.83,48.63,5.37,0
8.59,70.48,51.23,72.14,8.68,0
38.73,52.15,51.08,69.22,8.11,1
5.39,70.43,45.09,40.36,8.13,0
29.16,87.93,14.29,58.46,7.16,1
37.35,50.09,66.83,70.05,7.72,1
27.05,91.63,38.76,49.16,9.03,1
34.49,63.02,27.61,56.51,8.33,0
10.46,68.31,18.76,84.38,7.24,0
27.28,96.03,89.6,63.09,5.98,1
28.33,68.71,79.52,50.22,4.81,1
18.87,73.91,16.88,87.74,8.64,1
34.95,72.2,1.05,78.18,5.45,0
28.08,68.15,12.27,77.61,6.74,1
35.9,54.07,11.05,44.89,6.93,0
30.37,71.19,76.33,64.59,5.95,1
21.29,74.66,40.77,54.56,6.27,0
20.45,60.92,36.94,75.8,8.11,0
18.7,91.28,43.24,43.37,6.55,1
1.84,74.73,74.26,80.58,9.33,0
21.87,61.93,66.35,75.47,9.58,1
17.5,55.02,72.36,62.97,7.12,1
7.14,78.89,59.19,64.75,5.46,1
5.64,73.93,30.35,67.64,4.56,0
18.52,85.76,29.58,53.81,4.28,0
2.56,99.42,27.22,67.11,8.65,0
39.48,60.02,93.51,64.98,8.54,1
15.75,86.66,11.87,82.76,9.9,0
15.9,71.58,27.76,67.37,8.26,0
2.99,69.77,82.88,72.93,5.54,0
17.64,64.45,98.6,69.05,8.94,0
1.61,67.88,21.74,78.8,4.08,0
2.17,55.89,97.12,58.73,8.44,0
14.22,72.77,73.02,44.01,7.33,0
33.02,79.38,38.21,54.41,8.97,1
18.89,63.98,34.27,83.44,6.39,1
1.58,72.68,86.75,55.16,4.2,0
7.37,73.6,27.77,87.06,9.43,0
29.86,82.98,31.06,59.66,7.9,0
29.79,79.18,2.53,46.07,9.87,1
30.43,97.17,50.66,52.72,7.85,1
14.72,76.3,21.33,82.32,6.71,0
14.74,80.37,99.39,89.9,5.28,1
32.28,76.53,15.24,94.53,4.56,1
16.53,67.26,88.15,66.67,8.12,0
29.36,58.11,14.76,80.75,7.21,1
23.66,50.82,39.63,67.09,8.23,0
15.21,61.1,62.81,76.76,7.88,0
4.12,77.92,91.01,72.37,4.01,0
5.53,51.37,89.23,75.31,8.31,0
35.69,65.89,20.36,44.78,8.29,0
18.64,52.05,17.52,41.83,8.47,0
39.77,84.33,71.83,63.93,4.4,1
15.19,75.67,24.29,77.32,7.69,0
10.75,94.62,95.26,55.71,7.76,1
14.67,81.48,3.11,56.99,8.39,0
14.38,85.2,18.84,92.09,4.58,0
25.86,94.11,11.22,98.64,6.56,1
1.5,94.83,67.57,96.39,6.52,0
30.77,68.44,2.47,67.96,6.15,0
17.24,79.24,55.21,79.67,7.14,1
17.86,70.18,78.01,89.64,4.57,1
19.76,78.32,12.12,85.01,5.51,0
18.52,97.06,14.36,76.46,9.81,1
20.4,99.66,15.7,45.13,4.16,0
14.49,73.59,13.79,45.29,5.29,0
18.68,53.23,74.97,41.36,6.06,0
16.78,98.0,33.82,70.29,5.75,1
21.21,55.92,52.58,85.7,9.61,1
25.31,51.22,2.6,89.94,7.43,0
10.4,84.93,79.67,72.21,6.71,1
20.83,92.45,1.34,51.72,6.19,0
24.19,80.88,96.37,70.14,6.95,1
1.66,79.68,97.12,75.96,4.57,0
21.3,66.43,3.28,65.91,6.81,0
10.33,81.29,7.81,92.18,8.91,0
16.78,91.23,54.7,74.87,6.85,1
33.23,66.34,34.93,82.88,4.95,0
13.72,73.04,63.5,88.54,5.7,1
19.85,82.11,65.38,59.06,4.13,0
1.96,89.08,2.71,73.57,8.39,0
13.04,81.88,22.09,80.71,6.39,0
25.95,57.86,67.32,96.12,4.99,1
13.29,76.49,19.8,73.59,9.6,0
9.03,71.77,4.77,92.74,8.89,0
12.34,82.28,53.77,77.74,4.87,1
38.22,82.3,15.2,47.92,6.23,0
4.39,54.87,89.86,62.65,6.37,0
19.07,56.93,82.82,75.64,9.51,0
3.28,54.38,75.85,72.77,8.99,0
22.01,54.8,83.14,73.03,6.91,1
6.7,76.22,80.04,98.3,5.76,1
25.73,50.14,79.02,70.93,7.83,1
11.31,89.14,99.71,72.4,6.51,0
27.95,78.43,75.21,95.68,4.29,1
14.54,86.05,48.57,51.7,4.75,1
1.16,74.03,67.06,76.71,8.99,0
12.5,95.33,13.58,91.29,9.72,1
4.19,91.14,4.3,53.93,8.69,0
20.31,74.92,28.07,47.96,4.95,0
12.27,62.21,47.58,47.59,8.88,0
25.96,56.32,18.3,96.9,5.07,0
20.5,92.15,77.56,43.74,5.02,0
2.41,83.84,90.3,45.69,6.66,0
13.43,63.26,21.19,51.93,4.71,0
20.07,86.31,74.72,67.48,9.77,1
23.32,65.4,26.16,86.69,6.73,0
5.09,62.74,34.72,45.71,4.54,0
26.35,86.96,26.23,91.38,6.19,1
14.4,86.98,21.18,50.84,5.17,0
8.13,91.19,27.91,96.92,5.97,1
32.41,92.49,36.32,57.31,9.2,0
3.68,77.34,18.86,57.94,4.16,0
37.26,62.9,86.23,46.33,7.83,1
28.54,80.28,5.26,43.84,5.9,0
19.55,64.95,66.82,69.87,6.12,1
1.44,89.64,46.02,91.41,8.96,0
16.21,55.95,54.33,44.7,9.35,0
26.19,66.32,89.85,43.08,8.5,1
34.5,51.9,18.22,65.96,8.28,1
25.09,72.27,26.12,65.18,7.98,0
16.51,57.0,40.63,91.47,5.62,1
18.45,98.63,23.15,50.78,9.8,1
35.06,67.79,79.63,87.43,7.44,1
14.7,89.49,17.34,58.13,6.74,1
3.54,91.43,57.01,42.88,7.26,0
18.26,54.6,5.13,61.84,8.5,0
39.94,83.43,8.36,63.81,4.66,1
15.81,67.21,1.19,77.62,5.53,0
8.53,64.9,59.29,54.96,8.15,0
2.76,87.72,54.54,40.83,4.28,0
7.67,62.71,49.18,48.15,9.13,0
13.64,65.49,29.94,54.84,7.65,0
23.4,87.84,53.01,96.5,9.6,1
26.96,67.48,48.8,56.71,6.45,1
2.67,69.62,65.14,94.1,8.48,0
37.51,87.05,32.97,74.96,6.91,1
10.19,56.92,23.08,58.48,9.66,0
6.81,84.64,72.61,80.48,9.28,0
21.7,66.16,69.77,45.06,5.0,0
27.43,92.21,15.38,89.54,5.63,1
12.98,80.92,72.45,75.11,5.26,1
27.11,50.38,65.86,68.99,6.54,0
12.48,56.61,90.62,70.01,4.38,0
36.18,87.53,70.98,93.35,4.41,1
35.35,60.99,94.87,46.94,7.92,0
3.78,50.85,75.3,51.7,6.22,0
6.87,86.92,8.1,83.32,9.26,0
28.22,83.63,82.73,62.97,7.37,1
1.0,61.16,23.93,58.66,9.01,0
33.05,81.3,69.11,72.2,4.31,1
14.89,81.36,52.33,63.16,7.97,0
30.04,96.97,84.82,80.5,4.21,1
2.73,54.89,9.93,54.75,9.29,0
9.16,58.57,67.14,46.07,6.12,0
3.76,65.11,33.61,52.5,7.43,0
8.01,88.32,29.77,66.47,9.0,0
15.99,73.59,18.4,70.76,8.42,0
20.17,68.41,36.36,77.34,8.46,1
36.73,69.07,0.33,95.68,4.05,1
25.46,75.4,77.05,61.35,7.52,1
28.55,66.25,48.26,90.26,9.41,0
4.2,84.09,74.09,46.04,7.02,0
12.18,51.26,29.82,91.22,7.31,0
39.68,79.89,70.88,47.54,4.29,0
22.86,68.02,66.99,80.3,4.43,1
31.72,73.94,80.74,57.94,7.0,1
2.27,87.65,27.29,99.3,5.86,0
4.28,51.77,97.09,88.27,4.47,0
5.26,60.83,52.61,84.72,4.8,0
1.6,75.57,31.72,70.61,4.55,0
36.96,80.86,46.03,65.07,7.65,1
10.89,59.26,90.98,65.11,6.75,0
39.87,59.75,60.38,47.13,8.5,1
29.79,81.19,64.47,88.7,7.38,1
10.77,86.19,86.23,47.53,4.76,0
39.68,72.5,11.94,55.89,9.67,0
34.87,72.3,31.93,94.12,7.88,1
7.43,70.01,75.46,51.91,6.87,0
8.23,62.62,73.05,53.25,6.58,0
27.53,99.28,98.6,43.95,8.71,1
4.05,81.29,42.71,90.08,4.39,0
23.8,67.81,6.41,64.17,8.96,0
3.6,62.79,66.57,65.5,7.65,0
9.63,62.57,70.56,44.47,4.66,0
37.99,65.87,62.43,93.93,7.87,1
20.44,77.73,57.02,60.85,9.34,0
23.37,79.08,27.79,78.01,6.65,0
11.52,83.09,32.76,63.33,8.56,1
18.16,51.19,94.33,79.64,8.63,1
6.19,78.84,66.03,51.84,7.81,0
21.15,79.07,41.02,43.7,7.69,1
3.1,95.96,73.09,86.41,6.01,1
2.88,61.58,47.65,79.36,5.32,0
27.51,52.17,52.75,64.18,6.16,0
3.14,97.29,91.02,41.86,7.7,0
21.33,78.17,86.22,88.68,8.16,1
11.38,55.2,16.69,92.81,4.06,0
8.32,66.31,65.05,57.39,5.88,0
23.36,69.57,93.7,63.98,7.74,1
12.56,88.4,83.26,93.81,7.23,1
18.8,63.22,37.71,85.43,9.16,0
6.42,97.49,49.68,86.2,9.64,1
5.93,78.62,75.02,60.8,8.15,0
5.15,54.76,92.23,89.42,8.27,1
3.79,75.38,58.87,55.95,6.11,0
22.59,79.19,33.99,57.93,4.33,1
30.48,97.94,47.41,75.42,9.11,1
31.9,95.61,86.8,51.98,4.67,1
38.36,97.03,55.28,44.28,4.59,1
7.57,82.35,41.23,64.21,9.71,0
6.29,82.14,44.74,71.98,9.07,0
19.33,84.23,19.43,50.4,6.32,0
34.58,52.45,68.13,93.85,7.41,1
30.92,63.22,36.12,45.92,6.57,1
22.77,62.73,33.51,77.87,7.89,0
7.11,89.06,80.8,90.89,6.15,0
16.26,58.53,57.78,71.95,6.06,0
29.05,87.19,54.71,88.22,6.83,1
15.56,70.9,19.38,87.92,7.04,0
2.53,63.55,77.99,60.24,5.08,0
23.77,95.19,89.46,89.98,5.29,1
29.09,65.11,48.24,76.77,5.38,1
28.88,88.67,95.23,96.94,6.52,1
7.43,87.91,54.82,58.14,9.61,0
14.1,68.82,20.84,41.78,5.53,0
16.96,66.3,3.93,85.46,8.92,0
17.4,50.18,71.8,47.12,6.16,0
5.45,73.15,40.94,84.57,6.47,0
16.04,58.88,86.32,51.17,4.75,0
20.76,50.54,75.02,78.45,5.52,0
28.71,80.79,24.37,61.64,7.36,1
23.21,56.28,30.23,91.55,7.09,0
16.79,65.31,8.69,52.8,6.06,0
37.18,85.72,71.95,48.56,7.35,1
24.33,87.25,81.86,57.68,9.99,1
39.02,97.6,48.07,86.33,9.11,1
34.83,95.41,61.63,69.01,4.26,1
27.27,75.76,19.38,45.24,8.01,0
36.07,97.28,96.62,50.62,7.49,1
39.66,67.12,31.79,44.85,8.23,1
9.61,77.53,73.82,70.91,4.27,1
27.95,77.21,55.43,70.49,5.47,1
36.83,51.11,57.89,56.35,4.36,0
1.68,51.77,97.69,42.46,8.11,0
32.18,61.9,96.1,83.46,4.69,1
4.49,96.56,26.13,45.14,9.92,0
36.75,95.21,63.75,73.45,8.71,1
24.87,81.83,17.61,78.98,7.77,1
7.32,53.33,75.56,95.8,5.31,0
2.54,97.63,59.87,98.55,4.5,1
33.29,53.3,92.18,76.16,6.65,1
6.44,75.28,68.94,54.66,9.09,0
37.64,81.02,48.36,99.95,8.42,1
4.54,85.49,29.25,73.99,7.06,0
33.68,96.28,16.41,49.85,7.83,1
17.52,67.18,25.45,91.98,9.21,1
35.04,68.7,81.74,69.38,5.15,1
30.97,77.17,93.53,88.52,5.13,1
34.26,62.47,84.95,53.53,9.74,1
19.34,77.4,82.38,93.86,7.36,1
28.84,67.4,31.51,69.68,9.9,0
13.43,96.46,63.96,70.78,8.06,1
2.84,65.4,56.6,76.24,9.83,0
10.06,81.7,79.03,78.16,4.61,1
1.05,69.28,66.79,43.78,5.07,0
15.16,99.29,1.96,51.03,7.18,1
20.26,94.59,61.4,88.28,7.35,1
1.76,65.9,6.65,46.45,7.62,0
1.3,50.28,65.83,53.73,9.96,0
27.77,64.81,32.95,70.72,7.42,1
4.92,74.68,75.27,87.36,9.3,0
3.88,66.82,63.41,50.33,9.89,0
20.33,82.93,55.2,78.76,9.7,0
29.01,66.58,82.82,60.58,4.43,1
39.11,66.41,48.36,60.49,5.07,0
12.52,94.8,89.1,45.69,4.36,1
5.58,64.54,83.89,76.81,7.91,0
3.67,79.61,5.77,82.7,6.95,0
9.09,76.02,89.49,51.17,5.38,0
4.9,62.95,62.07,58.14,4.13,0
1.13,57.49,96.5,87.54,7.01,0
12.12,67.71,73.17,99.2,7.72,1
7.4,65.94,78.83,43.03,9.0,1
1.71,67.98,53.86,69.72,9.62,0
14.83,90.64,96.49,69.28,8.04,1
33.21,76.68,70.39,75.19,6.51,1
12.84,98.69,41.93,64.32,5.01,0
28.69,65.12,6.9,49.29,8.28,0
29.42,62.4,97.79,64.29,5.71,1
2.0,52.19,88.18,64.27,5.41,0
38.51,93.14,63.66,77.26,6.23,1
6.42,73.89,55.19,86.03,8.94,0
28.98,64.79,60.94,96.3,7.46,1
15.8,51.4,87.51,95.67,7.91,1
34.86,81.15,92.4,41.37,5.87,1
39.8,64.92,29.12,45.4,4.43,0
8.54,82.56,30.38,74.67,6.33,0
32.96,55.6,4.88,62.45,7.78,0
20.71,75.9,99.04,58.89,7.94,1
38.65,56.85,96.53,66.41,8.04,1
26.67,82.71,78.62,90.91,5.98,1
24.14,86.82,44.34,56.43,9.19,0
9.95,90.07,56.99,88.5,8.87,1
29.03,89.66,77.41,57.49,5.96,1
12.24,93.89,22.16,48.22,4.77,0
33.98,93.09,21.85,59.46,6.47,1
39.11,90.51,56.18,88.03,8.31,1
1.3,62.47,67.77,57.64,7.23,0
38.23,93.78,51.11,61.58,7.12,1
14.98,74.29,30.17,54.58,8.54,0
20.04,56.76,38.9,64.04,5.1,0
37.04,90.48,58.73,71.21,7.37,1
31.26,90.52,5.94,79.57,9.2,1
10.49,71.92,97.66,75.44,7.11,1
4.78,85.68,97.15,55.11,5.44,0
33.81,55.4,84.3,71.05,8.74,0
30.14,56.08,36.62,43.17,8.32,0
34.48,69.92,66.77,66.24,7.85,1
15.98,61.83,64.3,49.43,4.89,0
20.19,93.26,40.88,49.58,8.85,1
19.14,93.23,88.1,90.18,4.41,1
13.27,57.0,55.28,94.11,8.45,1
14.09,65.55,3.78,92.59,7.33,0
29.03,72.53,29.81,84.16,7.71,1
30.37,56.17,74.37,82.36,9.0,1
34.69,55.97,85.44,63.01,7.61,1
33.95,73.73,61.21,77.73,8.33,1
30.4,80.36,65.8,98.78,9.02,1
13.98,58.43,78.4,79.22,5.24,0
28.69,57.67,42.32,97.97,9.77,0
38.93,84.98,13.85,54.59,7.19,0
36.73,95.83,29.4,85.94,6.8,1
38.89,50.06,49.1,72.41,7.85,1
2.41,88.26,70.96,87.97,9.84,0
24.85,50.55,36.96,61.84,4.69,0
9.4,97.05,23.65,45.97,8.22,1
10.62,67.36,42.12,74.55,7.62,0
33.92,88.47,80.61,81.05,7.26,1
30.26,76.13,62.66,44.68,7.55,1
13.82,68.42,47.68,88.16,4.76,0
21.28,69.32,27.18,60.88,6.23,0
8.34,84.28,26.24,57.63,4.29,0
1.15,94.15,24.23,92.39,5.66,0
36.1,90.41,59.37,49.07,6.45,1
28.68,67.23,12.3,46.51,6.81,0
21.62,88.12,80.71,71.31,5.61,1
3.11,58.47,48.01,51.0,9.46,0
17.41,50.05,96.05,74.71,4.16,0
15.82,84.46,24.31,78.07,6.47,1
7.69,54.21,67.7,82.25,4.17,0
7.09,70.19,37.71,85.74,7.39,0
7.75,90.95,98.12,71.97,4.41,1
24.28,69.23,62.99,83.33,9.41,1
5.86,52.64,68.75,71.33,9.95,0
10.3,50.9,14.15,81.65,9.81,0
37.9,95.36,36.3,59.74,4.32,1
9.56,90.97,71.45,40.09,5.71,0
30.79,82.7,33.18,42.32,8.5,1
24.32,50.42,77.59,90.06,7.31,0
17.11,88.21,73.21,85.93,7.87,1
24.22,71.62,9.56,66.94,9.57,0
6.21,54.15,12.25,98.22,6.71,0
19.88,87.78,12.49,76.72,4.92,0
38.91,84.68,3.24,93.91,6.83,1
17.68,60.63,32.72,80.24,8.77,0
10.47,66.23,67.9,48.48,4.14,0
37.17,98.09,49.88,71.8,9.58,1
24.82,55.81,13.46,42.16,7.41,0
29.39,90.79,55.31,94.58,7.76,1
22.19,82.54,90.31,79.62,6.54,1
1.44,61.22,3.96,93.74,4.88,0
30.47,78.46,42.14,46.85,8.92,0
39.17,78.79,17.19,60.88,8.06,1
28.93,52.35,3.58,91.02,4.4,0
32.54,84.43,4.39,96.03,5.9,1
34.21,52.55,53.13,46.21,4.0,0
39.97,78.06,52.31,40.21,9.11,0
12.26,52.19,28.34,52.77,8.0,0
18.53,89.35,66.85,82.9,8.5,1
22.17,98.4,27.61,59.81,6.6,1
6.95,53.4,32.55,66.92,8.31,0
19.76,93.93,0.19,92.45,9.8,1
11.8,89.21,12.0,62.9,9.88,0
33.64,70.53,40.95,46.09,7.9,1
14.54,58.65,46.55,94.08,5.94,0
4.19,87.1,19.1,62.46,4.6,0
1.39,86.75,78.35,99.95,9.37,0
34.56,83.19,54.35,47.24,4.65,1
34.49,65.6,69.65,70.22,4.82,1
37.43,72.72,32.0,74.25,6.02,1
3.83,50.62,57.25,83.3,9.5,0
16.4,66.9,20.02,80.18,5.72,0
17.7,74.38,37.65,46.6,5.53,0
34.57,62.88,57.8,57.57,4.81,1
11.2,78.17,27.93,68.27,4.69,0
12.79,63.39,22.58,50.59,5.2,0
29.58,82.4,51.14,86.64,4.13,1
8.02,78.97,62.61,75.78,5.88,0
25.78,93.2,76.78,77.9,6.66,1
29.95,59.72,77.39,58.56,4.48,0
8.04,87.97,18.47,62.23,9.73,0
9.66,93.7,6.24,91.81,8.06,1
28.29,52.1,61.47,58.83,8.63,0
31.99,70.87,94.99,82.53,4.99,1
38.18,67.38,92.54,74.99,5.74,1
13.04,51.13,76.91,98.9,7.49,0
22.4,88.64,22.27,48.32,6.99,0
6.73,93.92,22.91,54.08,8.57,0
18.04,88.29,55.83,95.98,9.38,1
11.18,86.23,25.16,52.33,5.63,0
14.6,67.71,65.08,71.8,5.52,0
32.33,62.24,82.83,51.12,6.59,1
32.33,74.85,29.05,64.96,8.42,1
28.48,55.03,90.05,98.04,6.02,1
5.82,81.96,42.92,52.01,9.72,0
12.08,80.5,43.78,46.31,4.62,0
37.63,95.11,66.44,99.13,5.55,1
18.65,95.31,80.72,44.83,5.44,1
25.25,98.31,71.62,95.91,7.97,1
1.71,53.41,53.6,79.67,7.01,0
21.2,86.25,83.48,89.17,9.35,1
27.88,65.67,94.6,65.32,6.25,1
3.3,86.53,93.08,42.96,5.81,0
5.5,78.01,30.38,78.39,4.94,0
15.37,99.11,38.54,78.42,6.06,1
37.83,73.61,77.26,44.37,7.62,1
10.7,55.94,69.71,57.84,5.09,0
1.84,81.4,69.47,58.5,7.16,0
32.56,72.03,79.14,87.71,8.45,1
34.12,66.58,70.53,76.28,5.68,1
21.93,80.23,27.6,46.59,4.77,0
35.83,92.41,56.51,42.66,9.21,1
7.98,62.13,34.02,62.51,9.91,0
11.71,83.74,29.93,68.96,9.49,0
1.8,86.76,31.08,84.32,5.49,0
23.75,98.14,39.88,46.83,9.94,1
35.61,60.84,42.28,52.99,8.82,1
24.65,75.7,28.73,88.4,7.22,1
4.13,85.02,64.36,46.28,8.09,0
28.04,52.45,76.95,43.6,8.63,0
27.36,93.5,55.69,82.72,4.0,1
7.5,67.05,66.07,41.87,7.57,0
33.33,83.79,21.58,85.73,8.99,1
36.58,70.21,68.83,55.05,4.42,1
16.28,94.89,99.25,70.29,8.17,1
13.04,90.35,35.15,99.17,8.96,1
23.41,73.37,19.75,49.91,6.42,0
38.93,97.43,29.15,79.58,8.39,1
29.27,88.45,22.45,62.7,8.07,0
31.81,71.64,57.33,81.99,4.47,0
30.97,94.34,94.57,80.95,8.29,1
38.32,76.46,5.51,49.44,6.09,0
32.83,77.96,83.11,67.89,8.25,1
11.46,55.49,36.14,83.19,7.77,0
10.02,94.67,35.18,84.5,4.5,0
10.44,69.6,37.29,45.94,4.83,0
9.3,74.02,60.83,47.7,7.5,0
9.12,99.39,15.26,73.58,4.56,0
37.45,91.29,91.86,68.95,6.34,1
38.11,55.76,38.36,88.92,9.1,0
4.5,88.67,71.83,83.39,9.42,0
3.5,61.78,98.13,76.28,4.4,0
34.42,58.28,60.93,66.45,9.85,0
22.99,91.02,83.17,96.53,7.0,1
9.25,76.87,21.77,77.12,7.41,0
19.01,73.59,10.81,97.79,7.22,1
3.88,55.41,39.16,64.24,8.7,0
39.31,54.71,34.21,99.57,5.45,1
6.46,70.03,11.54,98.49,9.17,0
32.46,97.04,50.29,77.88,9.41,1
38.37,60.98,76.54,57.24,4.57,1
28.73,86.04,22.05,55.14,7.95,0
4.45,76.75,36.06,74.31,7.44,0
24.01,77.6,3.68,44.03,5.84,0
6.04,97.56,46.45,52.5,9.21,0
34.81,93.0,94.56,69.89,9.66,1
27.24,92.47,16.49,91.95,9.04,1
37.74,52.6,11.42,63.59,8.58,0
6.69,99.41,12.76,83.27,6.01,0
18.69,97.21,53.17,91.04,5.87,1
22.2,55.44,36.48,92.38,5.12,0
5.23,77.52,72.68,72.1,9.59,0
27.4,51.32,83.02,56.35,8.67,0
23.09,55.33,6.4,80.67,9.63,1
14.57,93.35,97.5,72.52,4.11,1
17.1,52.15,54.54,48.7,8.28,0
32.05,62.93,70.2,93.54,9.01,1
14.9,74.58,89.7,85.29,6.73,0
38.93,63.06,28.36,49.23,5.02,0
36.81,96.69,45.76,74.91,9.28,1
4.05,66.22,91.72,91.74,7.29,0
34.24,85.74,32.2,51.43,4.82,1
27.28,88.66,95.58,73.09,6.92,1
3.16,52.44,63.94,69.41,4.06,0
38.26,69.25,65.01,93.8,8.12,1
33.51,59.83,9.11,72.56,7.41,1
33.47,62.83,38.37,74.76,7.66,1
36.71,70.55,24.7,49.99,4.67,0
36.92,52.78,48.66,53.69,9.24,0
9.54,80.6,76.46,69.71,7.86,1
37.56,59.58,73.04,50.1,4.55,0
2.87,54.23,70.7,79.3,6.05,0
35.38,72.3,25.45,89.45,7.82,1
18.81,67.02,70.03,62.17,9.98,1
33.42,98.75,47.75,86.65,5.55,1
11.65,90.05,48.9,99.32,5.15,1
30.44,63.52,62.17,86.69,8.81,1
32.38,79.58,14.0,68.91,6.39,1
4.16,76.73,93.14,91.66,4.56,0
36.66,59.24,62.1,61.34,9.9,1
32.87,88.23,35.79,77.32,8.82,1
24.22,85.04,57.83,43.07,4.37,1
28.61,56.4,67.68,54.29,6.01,0
14.49,86.24,86.28,53.29,9.68,1
19.35,81.43,51.32,53.26,5.5,1
6.75,50.49,68.72,57.8,6.49,0
20.5,52.58,30.86,76.1,5.65,0
31.53,77.36,38.72,91.33,4.89,1
22.78,54.54,7.71,67.88,4.06,0
6.21,80.35,65.28,71.26,4.57,0
33.35,58.64,65.67,96.27,6.12,0
29.78,84.35,6.21,74.42,9.37,1
2.46,68.49,39.98,85.54,5.6,0
32.39,87.07,9.62,41.95,6.02,1
34.74,59.58,56.39,45.2,8.69,0
20.98,82.67,35.04,49.63,9.57,0
15.77,98.63,77.09,90.49,4.96,1
4.26,74.44,41.8,74.59,4.04,0
33.3,63.96,99.43,75.16,7.43,1
1.14,65.74,70.97,90.02,5.25,0
14.4,59.5,25.86,89.58,9.92,1
13.78,78.66,11.98,78.52,9.61,0
36.57,75.66,72.54,98.4,4.09,1
18.52,77.5,32.88,96.95,6.42,1
35.66,84.17,7.34,62.94,9.04,1
4.48,50.9,57.74,53.56,4.83,0
34.0,56.29,10.29,54.59,8.57,0
24.88,60.67,24.93,84.98,7.28,0
21.98,50.34,46.92,55.9,5.36,0
12.93,59.28,77.61,43.6,7.57,0
20.12,92.27,41.95,49.62,5.84,0
11.66,82.5,30.17,73.6,4.56,0
18.78,58.06,18.86,65.99,6.81,0
30.98,51.78,37.58,99.46,5.28,0
25.39,62.47,3.75,48.4,6.61,0
27.54,85.67,36.85,40.42,6.84,1
35.8,72.3,26.87,80.17,4.79,1
3.06,76.78,11.41,45.06,9.09,0
8.76,76.78,16.63,86.9,4.35,0
29.24,61.78,92.99,52.98,5.18,0
16.92,58.44,36.69,61.61,9.42,0
26.36,57.9,70.15,96.07,4.07,0
36.01,98.21,91.6,54.76,4.94,1
29.7,96.98,12.33,47.41,6.78,0
37.39,87.39,59.67,69.03,7.76,1
6.93,82.36,90.68,54.57,5.94,1
30.51,61.25,94.88,49.41,7.55,0
28.4,55.84,42.83,59.83,4.96,0
1.29,96.73,40.27,69.56,7.84,1
2.68,64.03,96.83,40.38,6.04,0
2.32,59.47,73.23,44.0,7.77,0
21.58,96.24,86.7,50.66,7.66,1
31.28,57.81,77.42,44.24,8.55,1
16.81,64.9,66.87,48.38,6.84,1
1.13,58.91,40.13,84.71,6.46,0
7.82,50.74,40.11,70.58,4.38,0
37.99,59.2,68.75,58.39,4.41,1
10.54,72.71,83.11,65.88,5.18,0
34.28,76.54,6.75,74.35,6.2,1
15.45,58.39,87.22,84.5,4.2,0
21.33,85.83,53.19,98.09,9.89,1
20.1,76.78,54.26,99.75,9.26,1
6.24,80.03,77.99,43.07,9.91,0
15.28,65.97,83.36,82.76,8.13,0
39.99,59.93,22.39,43.27,7.45,0
23.0,89.83,79.9,60.92,7.27,1
19.14,67.65,3.79,81.23,7.16,1
22.42,76.09,71.37,57.96,6.65,0
11.26,87.07,56.33,86.35,6.57,0
23.09,93.77,72.05,85.23,9.22,1
29.4,72.42,83.99,81.46,6.66,1
5.12,98.62,96.39,51.4,6.87,1
11.86,76.38,46.87,63.94,9.53,0
9.15,89.68,51.87,81.2,9.23,0
30.05,53.86,34.78,96.95,8.81,0
37.49,54.64,28.01,76.02,7.13,1
17.56,80.71,58.87,50.42,7.23,1
25.7,69.27,36.35,51.72,4.55,0
2.22,88.2,42.37,46.29,7.42,0
6.13,78.59,10.44,62.63,7.28,0
15.99,80.9,10.56,99.01,6.19,1
26.91,58.38,91.34,88.62,8.98,1
25.97,77.59,17.98,52.82,6.86,0
8.49,77.23,82.95,77.77,5.98,0
6.18,86.88,71.49,65.82,9.08,0
37.58,85.15,43.83,71.1,7.25,1
14.86,81.14,21.16,66.26,7.13,0
18.96,57.95,5.08,97.35,7.14,0
4.72,98.44,87.16,40.5,5.08,0
36.5,80.46,67.41,61.9,9.51,1
27.05,58.19,18.4,92.87,7.46,1
20.89,90.21,6.55,40.02,6.66,1
17.82,57.06,91.98,80.74,8.03,1
3.01,63.55,28.03,40.57,6.39,0
9.36,78.15,26.15,83.87,7.12,0
34.39,57.61,62.19,71.22,8.39,1
25.27,54.34,52.18,49.05,9.36,0
8.56,84.01,25.86,62.65,5.38,0
8.38,52.08,20.97,48.0,9.05,0
14.65,67.53,89.9,84.34,7.17,0
25.0,62.28,29.49,57.01,8.68,0
22.15,96.78,7.11,51.17,6.34,0
21.55,78.96,62.46,41.5,5.51,0
34.89,53.46,86.19,91.39,8.71,1
34.59,70.48,4.37,68.66,8.44,1
33.96,68.69,16.15,56.29,6.6,0
28.4,57.27,21.96,69.62,4.21,0
16.31,86.65,69.36,47.43,5.93,1
11.5,59.36,28.68,41.14,6.75,0
38.27,92.4,86.71,88.2,4.67,1
2.77,96.9,23.59,72.19,6.93,1
25.12,54.37,57.68,49.63,6.03,0
34.0,83.03,5.37,67.9,4.83,1
11.6,81.32,78.32,49.67,5.59,0
39.17,75.62,99.1,63.91,5.81,1
35.55,81.85,67.58,56.66,5.74,1
8.77,95.22,62.7,81.01,7.68,1
11.54,87.82,27.95,68.45,5.52,0
35.99,82.27,73.55,46.66,5.41,1
5.26,71.39,49.46,60.3,8.51,0
8.35,62.1,20.74,82.75,8.5,0
24.73,60.19,71.64,44.75,4.27,0
6.73,60.85,56.31,57.65,5.28,0
23.33,93.21,92.32,49.15,6.78,1
23.45,55.99,45.59,94.76,8.18,0
24.26,55.8,92.26,61.31,4.49,0
10.78,51.06,79.88,68.54,6.69,0
33.02,86.32,17.05,61.93,8.08,0
38.85,50.27,57.71,56.42,6.55,0
11.84,96.0,73.66,97.31,9.77,1
34.75,98.56,3.52,87.05,5.82,1
12.43,61.7,11.27,45.85,8.93,0
14.61,52.04,90.59,82.21,4.29,0
31.63,98.19,41.27,66.56,7.46,1
6.36,60.46,93.98,54.53,4.74,0
3.41,76.8,28.11,90.79,8.11,0
16.08,82.45,63.89,93.95,9.75,0
6.06,79.63,43.89,90.75,8.54,0
4.1,92.3,91.65,97.86,6.43,1
23.96,74.19,73.98,85.59,6.2,1
8.18,76.11,42.25,73.13,9.04,0
12.74,99.95,75.06,48.29,7.39,1
29.43,78.04,75.68,77.22,7.83,1
4.63,59.89,1.38,40.63,4.36,0
39.76,58.39,62.2,70.38,4.51,1
13.04,93.38,5.52,97.14,4.37,0
22.28,67.99,78.22,82.8,4.96,1
31.88,97.35,1.13,70.44,5.33,1
10.24,90.28,81.95,52.11,7.18,1
14.31,97.23,67.59,78.13,8.95,1
9.04,78.08,98.56,78.79,8.53,1
15.76,52.09,14.7,69.7,5.88,0
29.66,92.54,45.89,65.35,9.74,1
28.86,78.98,42.06,41.96,9.91,1
8.1,93.39,18.77,98.89,7.38,1
19.6,64.21,40.62,55.12,9.37,0
27.84,92.85,22.4,46.19,8.0,1
29.79,60.03,1.91,50.79,7.25,0
25.81,64.11,43.92,71.33,4.91,0
8.6,57.24,36.75,50.17,8.51,0
34.86,56.92,51.14,48.96,4.11,0
12.25,55.2,43.65,64.82,9.16,0
15.43,76.75,92.11,77.22,5.38,1
22.78,83.78,25.86,56.89,7.23,0
34.52,60.58,87.41,70.55,5.69,1
26.34,95.75,13.77,64.68,9.55,1
28.37,54.97,45.35,87.8,7.98,0
9.44,55.45,8.89,45.49,6.75,0
14.75,94.19,63.85,85.34,7.3,1
6.34,84.67,89.23,72.96,8.21,0
29.74,59.14,61.52,51.99,9.94,0
38.0,99.27,68.91,47.71,9.77,1
29.66,51.65,51.57,77.04,5.04,1
5.86,55.43,44.21,46.54,4.69,0
28.04,64.1,97.45,88.28,8.03,1
17.9,86.73,97.69,76.54,7.12,1
4.59,85.74,66.38,81.33,8.74,0
39.98,89.86,82.06,76.95,10.0,1
29.24,77.26,87.22,94.19,4.22,1
25.28,79.98,21.95,42.53,4.92,0
35.05,67.26,80.5,74.23,8.69,1
13.69,69.21,13.36,83.46,4.3,0
27.01,54.83,63.8,57.02,9.56,0
19.26,55.93,93.55,68.0,9.68,0
5.83,84.86,59.57,48.35,9.89,0
22.1,51.24,34.65,65.38,7.79,0
25.64,72.63,86.74,50.72,4.86,1
19.46,83.11,43.99,90.19,5.38,1
5.89,74.12,83.8,54.01,7.69,0
3.94,53.45,53.44,66.42,9.98,0
26.93,88.37,15.33,68.36,9.91,1
33.68,73.8,23.31,91.25,9.66,1
37.04,64.63,78.01,78.08,4.11,1
16.14,58.5,97.22,73.39,6.76,0
37.59,80.73,94.17,42.76,9.95,1
32.97,96.21,50.03,46.53,4.51,1
17.54,63.22,18.6,53.82,8.55,0
16.85,93.73,7.65,86.6,9.96,1
14.01,83.17,44.45,44.59,4.59,0
3.7,50.91,2.24,86.73,5.07,0
1.38,92.47,89.42,89.56,6.3,0
10.57,69.8,64.17,69.75,4.7,0
10.93,92.24,73.12,96.6,4.15,0
29.46,59.95,29.81,75.96,9.37,1
7.14,75.93,65.78,99.18,4.14,0
28.0,60.25,10.12,85.45,8.86,0
29.48,74.47,26.62,42.83,5.08,0
18.93,96.1,84.89,57.58,4.8,1
5.59,75.28,37.18,96.18,9.82,0
29.06,99.65,18.82,71.78,7.28,1
36.63,63.54,22.43,51.28,8.07,1
15.28,80.15,64.8,86.55,7.5,0
30.59,98.34,58.49,93.94,6.18,1
29.93,87.74,10.54,44.43,4.25,0
3.11,84.59,86.75,50.09,8.47,0
3.17,87.14,90.33,79.65,8.85,0
27.39,66.52,13.83,86.9,7.53,0
33.41,64.54,34.82,55.47,7.43,1
36.9,57.23,71.93,80.89,7.67,1
6.52,80.17,44.59,63.58,7.04,0
23.75,96.12,35.73,96.04,9.92,1
12.0,88.25,95.02,83.6,9.97,1
9.69,99.3,31.92,57.67,9.98,1
29.8,99.59,80.91,63.02,8.43,1
17.11,71.7,36.37,63.83,9.7,0
18.07,75.84,50.98,88.91,6.28,1
33.93,91.2,96.0,96.41,9.1,1
10.31,88.28,63.75,74.62,9.29,0
21.61,88.75,33.23,69.53,6.75,1
33.28,77.88,27.27,93.25,8.35,1
6.14,79.34,49.44,74.14,4.14,0
24.25,92.17,61.73,45.21,5.94,0
33.65,97.18,57.6,73.9,8.93,1
30.81,88.86,12.82,55.41,5.47,1
35.49,88.57,41.84,80.49,8.4,1
2.27,57.92,67.34,95.19,8.95,0
27.97,92.79,63.49,51.73,5.38,1
8.95,97.26,35.68,61.24,7.3,0
22.72,63.63,54.91,72.12,7.59,1
31.22,59.57,15.13,79.17,9.39,1
17.39,58.25,11.4,63.68,4.51,0
28.46,51.13,20.0,95.5,5.53,1
33.78,70.33,28.75,49.96,7.22,1
37.88,58.95,75.07,63.87,8.01,1
22.26,56.36,59.63,80.81,4.38,0
13.33,86.46,0.43,86.52,4.89,0
16.21,88.1,53.63,82.52,9.26,1
34.76,85.08,37.57,66.89,4.72,1
10.37,83.29,36.18,97.53,4.98,0
35.45,75.88,79.93,73.83,5.49,1
3.26,53.06,50.09,65.51,9.4,0
38.88,98.9,17.01,87.39,6.57,1
5.65,99.29,22.03,57.6,5.74,0
35.45,94.23,31.21,63.44,4.04,1
22.09,88.1,33.89,90.79,8.29,1
22.89,88.3,39.97,84.25,4.49,1
39.25,79.8,87.87,95.38,6.58,1
38.1,55.62,33.47,68.78,8.48,0
32.15,91.09,57.37,45.59,4.38,1
26.41,83.87,0.35,96.09,5.07,1
27.43,53.91,17.89,86.72,8.01,0
6.21,80.36,76.75,51.89,4.42,0
19.23,59.36,43.62,42.42,5.85,0
17.74,77.83,31.85,91.29,6.78,0
4.97,62.48,29.42,92.98,5.93,0
1.44,81.92,46.61,86.47,9.29,0
1.63,88.81,0.32,74.46,6.78,0
29.76,52.48,31.39,62.78,7.56,0
18.45,53.67,95.11,79.7,9.65,0
20.13,99.89,13.99,62.95,9.33,1
10.89,84.17,1.0,73.53,5.46,0
22.09,65.45,0.28,49.81,5.81,0
5.96,61.89,71.33,65.53,7.18,0
7.38,70.94,56.82,80.32,6.53,0
32.89,97.29,99.49,90.15,6.72,1
2.07,84.47,33.19,64.01,6.68,0
36.72,99.69,15.32,58.01,7.12,1
14.19,77.52,54.37,55.04,9.91,0
37.35,71.13,18.7,95.69,5.71,1
3.48,60.25,69.86,51.72,4.54,0
13.2,76.91,17.36,48.03,8.9,0
24.13,82.2,35.03,76.52,7.25,1
37.57,75.76,53.72,62.88,7.81,1
4.51,56.7,73.63,80.96,9.59,0
32.56,58.4,79.02,85.53,6.59,0
24.91,89.42,35.04,99.18,5.7,1
25.96,60.7,50.73,69.66,5.44,0
39.7,55.27,56.92,63.73,4.87,0
13.52,58.19,33.68,85.84,8.74,0
15.05,94.94,72.59,87.2,4.4,0
21.9,81.17,10.14,96.77,6.48,1
25.38,88.6,51.07,58.92,9.45,1
13.16,61.46,43.69,69.2,4.41,0
28.55,81.45,22.82,77.33,7.27,1
4.2,59.69,23.9,98.9,4.2,0
8.6,76.03,36.7,85.58,7.17,0
1.52,53.66,85.75,99.33,8.83,0
30.24,75.85,12.72,89.71,8.76,0
37.97,61.44,65.45,52.84,5.15,1
30.98,61.06,43.67,88.14,6.06,0
7.74,74.82,65.19,74.48,4.64,0
12.07,78.63,27.81,59.99,9.68,0
27.18,85.09,83.16,51.39,5.03,1
13.07,65.21,10.39,48.76,6.76,0
16.87,64.42,79.22,47.66,7.6,0
10.98,54.2,13.13,65.38,5.17,0
21.83,65.88,19.3,94.96,9.15,0
34.91,67.3,11.84,77.99,5.69,1
10.35,74.67,83.01,69.87,4.64,0
21.65,70.81,74.46,68.53,4.92,1
26.94,84.89,6.0,49.72,4.63,0
1.26,72.64,90.73,86.11,6.61,0
10.87,92.03,95.74,57.46,6.29,1
23.12,76.54,94.86,83.37,6.08,1
33.18,79.39,17.9,46.92,9.45,1
9.89,84.86,65.4,86.12,6.32,1
36.06,83.76,13.96,86.13,6.51,1
33.16,96.71,36.31,41.25,5.6,1
16.37,87.03,97.39,91.22,4.63,1
32.73,97.77,64.54,47.17,9.84,1
34.12,67.1,73.09,92.9,8.46,1
11.98,98.65,97.58,58.78,9.0,1
5.49,79.95,17.21,98.65,6.84,0
4.94,65.5,57.64,65.46,6.69,0
35.35,56.89,6.65,99.18,4.35,0
20.28,75.88,45.45,46.41,5.77,0
27.19,98.13,87.5,49.16,7.09,1
16.21,92.08,2.02,69.4,5.6,0
31.43,87.33,51.85,44.29,8.97,1
33.14,52.72,84.28,96.35,4.83,1
35.81,88.68,31.16,79.07,8.89,1
26.03,84.39,92.23,83.06,7.29,1
35.79,91.88,64.67,68.94,9.35,1
34.81,55.24,5.52,90.97,8.36,1
11.59,69.7,65.39,67.13,9.13,1
23.95,66.86,38.64,71.5,4.87,0
11.22,88.61,15.1,72.12,6.27,0
25.87,88.0,92.72,60.77,6.74,1
35.99,75.0,97.75,93.98,6.86,1
19.84,68.19,77.27,60.9,4.86,0
33.16,55.17,84.64,81.46,7.91,1
1.67,57.58,99.11,80.43,9.94,0
34.82,50.52,2.86,48.07,4.75,0
37.82,88.73,11.34,86.68,7.2,1
13.22,96.02,93.2,93.68,8.99,1
28.68,51.67,58.72,60.49,7.95,0
32.95,89.76,42.26,90.43,8.43,1
5.85,63.81,15.46,77.03,4.18,0
17.16,75.74,3.52,84.4,7.33,1
9.06,84.66,76.47,44.16,5.69,0
30.12,66.75,2.71,47.63,9.45,0
16.83,99.12,43.69,87.86,6.24,1
1.01,99.28,5.39,62.62,5.57,0
11.24,83.6,74.48,41.3,9.81,0
8.93,99.19,53.11,56.51,6.21,0
3.92,55.88,25.23,76.68,6.08,0
21.7,50.6,24.48,90.94,5.46,0
14.14,92.57,58.56,59.8,9.52,1
9.54,84.62,12.25,62.0,4.33,0
37.53,65.6,63.51,50.74,5.73,1
13.63,76.23,93.85,70.55,8.36,1
5.98,69.92,46.27,74.12,8.19,0
21.4,72.68,70.35,72.96,6.13,1
35.8,78.5,27.76,95.63,4.91,1
31.34,75.83,52.65,44.63,7.57,0
6.78,80.73,52.45,46.01,5.81,0
12.66,66.62,38.85,45.22,9.42,0
10.25,78.11,19.55,81.13,4.25,0
37.18,93.15,63.79,65.22,6.71,1
11.89,68.08,95.34,62.74,9.04,0
7.61,64.05,45.16,98.43,6.3,0
18.75,74.44,11.4,78.65,7.37,0
24.86,66.04,35.41,83.6,7.17,0
7.18,95.17,68.47,89.41,8.16,1
1.96,80.34,49.32,43.78,5.86,0
4.7,87.07,30.7,90.8,9.72,0
26.39,51.52,85.55,53.49,7.85,1
7.37,54.9,61.62,75.82,8.96,0
11.09,70.16,88.47,72.03,5.54,1
27.35,70.86,97.32,85.14,8.39,1
34.98,53.29,60.75,91.67,6.12,1
38.15,89.72,19.48,97.05,4.32,1
15.96,78.19,57.94,83.01,8.95,1
9.83,74.97,11.75,40.76,6.27,0
29.83,83.77,78.48,88.68,5.04,1
28.78,84.64,9.81,41.49,4.97,0
39.0,66.54,47.93,93.02,6.89,1
4.82,73.8,71.81,57.29,8.27,0
35.25,79.06,92.37,88.32,7.69,1
7.85,50.22,89.59,53.59,4.9,0
30.15,57.07,6.82,82.22,8.16,1
39.82,69.49,98.83,70.79,7.36,1
10.04,52.24,44.73,77.07,6.78,0
29.95,52.72,20.97,82.2,7.08,0
31.19,75.73,97.73,69.74,7.24,1
11.96,80.69,86.55,50.67,8.18,1
36.93,62.12,64.07,93.64,8.56,1
3.72,94.79,61.15,77.53,5.02,0
9.93,90.46,40.41,99.38,9.62,1
12.49,92.97,2.57,54.87,8.01,1
4.51,72.85,58.32,51.99,4.63,0
10.56,90.79,47.28,43.78,8.06,0
31.7,83.43,90.83,59.34,4.29,1
11.42,54.69,53.07,63.96,6.8,0
20.76,50.67,74.62,79.64,7.86,0
6.28,97.0,96.22,48.92,5.39,1
24.08,76.98,9.39,80.19,6.18,0
24.82,86.69,51.56,65.46,4.43,1
9.51,58.08,89.3,67.01,7.75,0
3.91,84.91,88.86,58.11,6.63,1
28.37,82.55,31.41,82.85,5.64,1
25.7,95.09,62.38,83.57,9.18,1
19.81,65.18,65.26,47.25,4.95,0
35.92,68.18,79.65,91.47,4.48,1
39.11,80.73,72.93,99.26,6.44,1
29.56,93.99,70.82,53.64,8.94,1
38.53,63.43,70.71,83.48,9.27,1
6.74,54.78,37.97,97.32,4.04,0
7.22,66.26,56.9,43.58,4.72,0
39.96,81.92,78.87,99.95,7.22,1
15.68,99.87,25.07,96.6,4.65,1
22.82,58.67,34.83,83.43,5.46,0
37.84,90.56,55.57,74.56,8.75,1
24.56,61.24,24.24,45.39,5.27,0
34.93,75.72,45.88,79.65,5.2,1
28.58,87.45,51.42,72.43,5.82,1
34.38,55.4,16.78,50.15,7.52,0
19.34,89.87,23.99,94.48,5.28,1
38.03,53.91,16.3,69.79,6.9,1
5.89,66.23,73.04,50.56,5.28,0
32.5,51.65,9.04,87.28,4.04,0
10.18,92.18,24.51,62.47,6.27,0
25.13,80.11,72.07,62.19,9.73,1
31.27,58.28,91.77,58.82,5.84,1
28.34,55.85,25.21,97.71,8.61,1
18.14,73.8,89.55,42.52,5.7,1
37.28,50.37,33.88,71.21,8.79,0
7.31,89.61,84.89,85.55,5.18,1
29.08,98.44,51.19,90.13,5.56,1
10.87,51.76,57.32,72.47,6.32,0
27.83,79.29,46.87,86.1,4.18,1
8.43,80.58,75.64,98.41,6.03,1
2.86,50.51,38.94,73.16,5.02,0
31.61,88.28,64.68,60.7,7.14,1
32.88,62.97,59.92,99.71,9.43,1
7.33,82.63,25.06,91.76,7.67,1
32.48,60.51,78.34,61.07,8.61,1
13.79,54.38,48.82,92.57,7.42,0
23.27,62.53,45.28,87.09,9.89,0
24.47,93.86,57.86,80.06,7.18,1
36.63,88.0,86.0,76.0,9.66,1
23.24,74.53,29.7,45.31,9.15,0
34.89,55.81,32.88,85.09,8.4,0
17.44,60.53,37.25,50.09,7.96,0
26.47,98.1,18.88,86.72,6.65,1
8.47,57.03,77.54,83.53,5.49,0
28.78,64.38,47.27,66.45,7.77,0
37.18,77.69,9.59,47.31,6.15,1
17.66,68.49,69.57,66.72,8.03,1
26.24,63.46,12.81,46.74,5.67,0
22.23,83.97,67.67,58.0,8.02,0
1.57,57.83,38.56,55.8,7.13,0
36.4,73.61,61.41,66.86,5.02,1
32.56,55.78,23.35,44.2,7.11,0
17.2,64.39,61.62,62.15,8.87,0
4.55,67.98,9.33,80.1,5.11,0
14.71,81.99,96.25,82.17,6.22,1
21.5,72.9,86.07,40.67,7.82,1
10.52,64.24,26.39,76.47,8.86,0
33.47,84.2,29.74,54.87,6.24,1
12.52,73.66,92.47,64.65,4.34,1
8.99,86.17,22.71,46.52,7.96,0
7.74,69.28,51.72,40.06,7.81,0
29.32,86.3,58.96,87.49,8.72,1
22.32,78.46,25.25,57.22,4.23,0
28.14,62.37,58.05,50.14,6.65,0
12.32,77.2,67.24,67.61,9.77,0
16.6,56.76,87.17,93.02,5.22,1
35.93,50.46,59.41,70.24,5.3,1
13.89,84.56,90.04,47.32,7.14,1
36.22,58.89,56.32,55.34,8.47,1
38.69,79.61,63.89,58.67,8.35,1
1.76,73.3,95.81,46.27,7.25,0
20.27,71.81,81.8,89.15,9.99,1
25.26,65.69,97.73,72.85,8.74,1
1.49,76.11,55.91,94.07,7.31,1
14.66,98.61,24.74,77.0,6.68,0
2.09,88.3,87.82,41.55,5.78,0
25.04,70.69,67.69,93.16,6.19,1
19.06,93.62,95.3,47.08,6.1,1
11.25,76.34,32.72,76.33,6.24,0
31.33,99.29,74.08,61.45,8.33,1
22.17,98.54,42.23,83.18,8.87,1
13.96,51.41,17.8,44.8,9.62,0
37.48,58.72,21.17,87.55,4.14,1
39.06,91.92,25.18,88.13,5.75,1
8.11,68.22,50.71,53.79,8.23,0
39.16,62.33,77.32,49.74,8.41,1
23.92,76.83,93.6,78.36,9.27,1
35.14,83.59,10.42,78.97,5.21,1
12.37,65.79,81.54,57.21,4.14,0
2.82,93.01,31.07,72.52,9.15,0
1.49,75.05,39.69,92.93,6.59,0
17.81,61.58,55.81,70.22,4.6,0
1.18,83.74,73.48,46.43,9.13,0
18.37,73.51,17.89,92.56,6.31,0
30.01,57.56,32.32,50.07,6.78,0
27.07,53.63,44.58,74.51,9.34,0
29.55,80.21,56.96,88.54,9.69,1
24.19,53.22,82.25,88.02,8.15,1
38.21,98.67,50.37,55.46,8.6,1
10.36,60.2,20.05,72.76,5.33,0
36.25,99.33,31.09,72.53,4.42,1
39.29,66.05,64.58,67.27,7.06,1
1.14,96.35,27.0,97.84,4.17,0
17.81,81.81,21.88,63.34,4.14,0
27.37,54.8,29.11,56.57,6.49,0
24.97,62.82,42.63,78.89,7.79,1
39.58,69.6,30.44,84.56,9.79,1
26.75,71.0,73.83,45.5,6.09,1
25.08,78.2,80.64,75.27,4.22,0
37.13,79.74,4.22,40.71,6.31,0
36.18,65.53,45.95,44.69,5.57,0
33.53,54.44,27.26,84.86,6.55,1
16.89,84.55,39.02,88.42,4.36,0
28.2,73.13,18.69,49.87,9.59,0
38.28,84.19,6.7,83.7,7.35,1
10.36,78.42,63.81,45.18,4.43,0
20.03,50.32,96.23,97.95,6.26,1
30.55,90.12,73.49,42.81,8.26,1
24.31,88.41,97.94,43.48,8.76,1
31.57,70.17,96.53,54.44,9.4,1
11.3,89.08,35.37,61.91,9.16,1
6.1,50.85,73.83,68.04,4.61,0
19.38,71.3,81.39,61.91,6.73,1
26.93,71.24,46.95,44.64,6.27,1
24.3,59.81,32.15,81.98,8.61,0
24.82,60.96,93.36,59.1,9.43,0
4.61,52.4,4.79,79.48,9.94,0
20.16,82.89,39.71,78.74,4.91,1
8.9,97.92,97.73,83.79,8.06,1
28.72,96.31,13.2,73.46,5.7,1
22.78,60.02,4.65,68.33,9.34,0
24.43,77.05,34.12,47.59,5.56,0
24.23,89.73,7.88,64.92,9.22,1
12.94,66.55,58.75,60.02,6.97,1
4.25,58.76,61.69,49.88,8.47,0
17.11,51.05,81.51,47.34,4.2,0
12.61,86.92,99.56,55.93,5.87,1
23.22,63.54,2.95,89.42,9.58,0
9.7,59.43,59.6,74.56,7.87,0
9.72,94.94,82.84,79.85,6.79,1
13.68,91.35,68.17,45.57,8.52,0
7.76,89.74,15.34,61.06,6.91,0
16.68,52.8,61.5,88.94,4.51,0
33.14,96.43,18.64,76.23,5.0,1
34.23,72.52,91.92,44.41,9.64,1
5.22,62.77,97.15,69.95,6.39,0
13.9,86.58,65.53,67.69,6.27,1
24.92,51.86,55.04,67.83,7.08,0
9.85,57.39,13.51,79.94,8.19,0
36.86,71.17,78.15,73.46,4.38,1
28.56,98.58,81.2,84.04,7.12,1
9.59,51.69,35.57,49.39,7.58,0
5.16,53.09,64.41,93.49,6.15,0
3.88,55.81,21.97,90.8,4.81,0
8.33,64.91,92.44,49.47,7.44,0
16.43,63.08,8.68,48.87,5.04,0
30.28,58.51,70.87,84.84,5.47,1
6.5,85.22,74.43,66.83,8.7,1
2.42,86.34,70.66,53.01,7.47,0
35.78,69.58,76.35,85.94,7.4,1
14.08,76.98,96.06,51.85,5.17,0
13.88,78.94,41.98,56.11,4.42,0
21.48,91.12,20.09,91.32,8.58,0
17.37,71.01,12.97,86.8,5.06,0
12.51,95.18,7.87,90.88,6.23,1
28.91,90.73,46.11,72.69,8.05,1
31.89,77.18,10.84,63.77,6.46,1
33.22,64.47,82.59,66.9,6.8,1
31.03,86.51,48.65,51.73,5.45,1
27.93,84.98,82.25,76.11,4.27,1
8.53,57.33,65.13,81.74,6.39,0
29.53,95.24,92.1,71.0,8.41,1
11.71,59.52,84.16,50.76,8.82,0
29.15,53.23,27.75,99.06,7.94,0
4.82,50.17,70.24,74.66,7.6,0
17.5,88.37,89.79,74.82,7.81,1
16.33,50.16,52.15,66.99,8.91,0
2.43,62.41,74.21,78.02,6.6,0
35.48,98.6,4.81,97.32,5.74,1
27.38,55.17,62.77,96.2,8.73,1
31.35,79.41,73.58,48.99,8.9,0
26.96,52.84,55.74,65.42,6.25,0
14.38,73.11,27.91,93.32,5.2,0
20.76,81.1,93.92,51.79,6.02,1
6.02,76.57,45.99,85.2,9.39,0
7.3,83.5,55.55,86.08,9.9,0
13.64,57.59,6.24,50.94,5.09,0
26.1,85.18,81.5,40.35,8.99,1
24.38,51.56,42.22,74.48,9.06,0
31.24,64.81,33.23,50.35,8.92,0
21.75,96.37,91.52,76.2,4.44,1
27.35,59.18,25.55,99.43,9.57,0
2.71,57.73,14.15,81.56,6.51,0
37.4,70.57,47.15,69.46,6.57,1
34.0,71.72,74.34,64.66,4.21,0
37.53,64.13,4.18,74.62,5.01,0
7.77,59.47,71.98,52.36,6.8,0
6.69,61.71,51.58,66.26,6.67,0
22.07,84.01,67.69,91.56,5.8,1
33.71,55.72,68.25,68.37,4.58,0
29.8,55.85,31.4,51.96,9.54,0
11.09,57.92,17.65,84.44,7.35,0
19.53,95.26,2.06,59.22,6.53,0
10.18,92.58,2.27,98.34,7.66,0
23.0,97.46,87.04,47.92,9.46,1
23.13,96.9,50.89,90.88,5.27,1
4.24,53.11,32.62,70.11,7.34,0
25.68,90.73,91.22,69.33,7.18,1
4.78,67.32,92.7,44.63,7.45,0
2.09,90.61,53.69,83.22,9.76,0
34.35,97.33,55.09,49.41,6.63,1
10.69,85.38,63.34,46.16,6.38,1
19.14,92.27,69.8,60.2,5.21,0
37.58,77.92,33.45,77.79,4.82,1
25.39,76.22,74.09,56.88,9.53,1
15.53,97.42,1.96,53.13,5.02,0
34.22,71.32,80.9,88.74,7.31,1
9.37,54.82,67.59,83.34,9.71,0
20.04,60.78,87.01,49.36,4.95,0
23.06,83.82,62.07,69.23,4.02,1
23.85,70.31,59.95,70.27,4.71,0
1.68,88.65,23.17,75.72,5.94,0
15.7,76.72,41.65,90.45,5.57,1
21.08,56.73,78.31,97.44,8.81,0
18.86,83.1,50.82,95.38,6.49,1
33.06,97.5,74.22,52.26,8.94,1
29.19,75.62,98.05,90.23,8.99,1
37.35,94.01,45.45,76.77,6.56,1
9.73,98.57,20.72,48.21,5.58,0
7.09,64.25,44.43,76.17,7.38,0
8.93,76.29,33.67,62.22,5.18,0
26.6,50.95,21.16,44.75,9.34,0
10.82,76.06,98.94,87.14,4.4,1
26.92,60.65,45.21,50.42,8.84,0
27.65,70.66,98.05,79.4,6.32,1
4.17,53.22,70.96,80.08,4.49,0
29.86,89.16,38.17,99.91,6.53,1
13.24,78.72,0.03,55.48,6.94,0
9.62,82.14,39.41,42.45,9.12,0
11.09,69.58,31.14,55.4,6.1,0
35.96,54.91,45.87,75.76,6.39,1
24.6,68.34,57.01,88.26,9.74,1
26.34,80.3,62.78,84.59,6.24,1
9.47,77.92,13.22,53.16,4.38,0
15.04,87.66,61.92,95.43,7.45,1
32.61,67.49,54.42,97.45,4.64,0
14.27,97.24,12.66,72.39,6.97,1
32.69,83.91,20.48,65.51,4.61,1
8.8,77.01,53.11,68.26,9.99,1
29.56,53.13,66.06,89.12,6.09,0
5.56,78.51,16.94,46.19,6.57,0
33.07,90.9,66.33,86.59,9.38,1
27.24,67.04,31.34,81.88,5.84,1
38.34,90.65,82.95,97.76,5.44,1
2.15,93.43,38.85,42.97,4.47,0
6.14,88.12,81.39,99.76,7.5,1
2.06,69.9,23.45,82.26,7.46,0
1.65,54.12,73.84,67.41,7.7,0
34.0,78.38,53.45,89.86,4.36,1
25.63,70.42,64.56,65.15,6.7,1
26.11,68.45,45.44,67.96,7.53,1
15.67,57.07,98.56,70.35,6.44,0
3.08,83.3,69.5,71.69,5.77,0
17.82,72.14,38.87,95.52,8.59,0
7.14,68.1,74.08,44.23,6.51,0
37.45,97.1,73.51,48.14,8.79,1
35.26,69.49,12.25,83.71,4.41,0
12.74,58.65,23.15,98.12,4.11,0
1.68,53.1,71.11,96.26,5.09,0
1.82,99.34,36.77,90.29,5.64,0
21.62,68.78,40.66,91.28,5.83,0
33.1,92.04,49.63,87.77,6.96,1
14.35,53.76,77.86,48.46,7.24,0
26.64,74.9,46.48,85.84,8.94,1
34.46,69.97,27.78,70.07,9.05,1
25.81,63.26,67.94,66.48,7.33,1
1.24,87.18,86.44,55.98,9.45,0
22.49,82.49,52.15,89.35,7.44,1
7.82,53.49,70.08,46.68,4.59,0
32.2,64.25,83.48,99.28,6.55,1
17.08,63.34,15.78,84.26,9.76,0
18.13,95.66,59.95,84.37,9.11,1
12.85,61.43,73.02,43.51,6.65,0
9.95,75.65,12.5,88.56,8.15,0
7.24,98.01,45.51,93.47,5.41,0
16.9,99.61,17.75,69.67,9.38,1
21.97,75.27,46.33,65.46,7.93,1
36.14,68.65,0.8,65.98,9.22,0
16.68,72.36,74.0,70.77,5.85,0
13.55,61.01,82.07,78.12,4.76,0
32.91,99.73,82.81,85.32,8.52,1
28.15,65.87,80.72,67.39,6.6,0
5.48,58.08,5.55,76.36,6.71,0
28.59,55.96,29.1,56.13,4.52,0
38.1,93.6,23.95,59.71,6.6,0
20.39,62.58,47.86,49.66,4.92,0
20.13,66.07,91.96,50.47,5.74,0
29.22,65.23,18.67,66.33,4.43,1
8.79,87.49,78.74,62.65,4.48,1
15.31,93.75,35.51,54.34,5.33,0
13.36,63.02,10.93,85.55,4.54,0
39.84,57.14,35.7,51.79,5.65,0
7.3,85.78,20.79,98.18,8.43,0
7.78,73.46,20.32,94.24,4.86,0
18.98,54.56,98.7,96.15,9.44,0
11.7,70.9,29.91,63.71,5.11,0
34.96,53.31,79.95,76.69,7.79,1
18.02,99.1,0.71,57.56,4.5,0
27.71,95.43,6.56,98.26,4.92,1
32.91,97.62,61.12,51.73,7.07,1
11.61,92.77,68.45,83.69,6.55,1
29.58,50.84,64.38,76.0,8.22,1
16.56,56.26,87.16,98.85,5.94,1
10.93,83.64,22.61,60.6,9.91,1
35.71,57.09,32.17,72.48,4.17,1
23.04,72.76,56.29,73.9,4.41,1
20.36,60.17,14.8,96.57,8.99,0
8.04,57.57,52.17,88.76,5.8,0
36.16,55.29,60.97,69.51,4.75,0
25.88,91.98,47.19,76.25,7.61,1
37.96,91.9,78.15,76.3,5.6,1
2.73,74.46,81.75,78.57,8.24,1
5.55,80.7,26.98,58.31,9.34,0
35.22,61.54,26.59,51.16,5.41,0
18.62,95.85,10.32,63.76,7.8,1
19.21,78.66,98.89,40.56,4.58,0
9.71,81.92,17.92,49.56,7.52,0
20.05,72.41,12.77,50.89,6.33,0
18.1,83.68,53.37,67.81,8.75,0
29.11,82.34,81.1,40.41,8.55,1
25.78,98.7,9.0,53.56,8.87,0
32.16,79.99,26.62,41.02,6.1,1
31.54,58.31,93.01,90.18,5.9,1
17.44,85.82,51.1,94.78,9.15,1
12.76,64.85,17.33,62.34,7.0,0
13.74,61.26,21.98,85.84,9.4,0
39.61,73.11,74.75,47.34,7.1,0
16.96,76.93,45.78,99.33,4.53,0
30.46,51.98,57.7,53.45,4.69,0
4.23,79.3,71.2,74.7,4.66,0
17.75,83.66,18.51,87.86,5.39,0
13.83,95.48,82.97,72.62,8.34,1
7.25,77.17,4.02,82.0,8.66,0
1.93,55.01,15.25,45.06,8.29,0
10.83,78.86,90.06,48.64,5.56,0
31.94,92.95,10.5,62.15,9.13,1
12.6,83.62,52.52,53.53,4.45,0
35.05,92.34,23.18,99.27,5.71,1
23.58,56.78,66.41,66.05,7.85,0
32.38,75.23,89.11,49.2,6.67,1
39.98,77.38,84.79,45.49,9.68,1
25.98,91.87,75.32,98.16,9.77,1
14.29,66.27,65.62,48.0,8.39,0
13.09,85.89,96.48,56.83,4.88,1
38.93,79.75,18.2,82.7,9.29,1
28.87,65.42,62.67,92.8,7.5,1
20.6,79.2,92.72,52.6,7.29,1
9.35,91.47,20.46,88.58,6.04,0
20.11,74.22,29.35,94.25,8.06,1
30.72,50.67,76.72,82.31,6.81,1
39.01,61.23,76.16,72.26,6.35,1
27.24,70.57,64.91,74.31,7.61,1
1.96,84.11,6.98,57.91,8.22,0
19.14,96.08,46.8,89.96,4.25,1
33.28,68.05,66.52,90.64,4.29,1
20.91,62.44,80.48,64.86,7.2,1
14.42,55.04,84.5,83.48,4.66,0
34.58,86.7,69.39,99.73,5.35,1
23.53,85.5,57.48,79.53,9.1,1
20.67,81.84,34.2,62.24,4.8,0
19.97,90.48,73.47,62.98,4.7,0
27.58,72.4,35.23,82.61,5.48,1
18.76,55.89,51.51,45.77,7.22,0
23.12,66.57,2.47,85.04,6.88,0
12.25,58.66,14.92,70.4,6.0,0
7.7,96.93,30.97,70.92,4.97,0
32.98,95.07,46.45,49.74,8.09,1
13.45,81.33,56.97,56.08,8.79,0
5.9,96.96,20.14,54.46,5.94,0
8.19,97.53,52.97,89.68,8.31,1
17.09,95.46,63.72,80.38,5.59,1
12.13,64.84,44.71,44.11,6.56,0
28.11,51.53,54.24,68.47,9.11,0
14.65,75.86,33.08,64.67,5.23,1
23.85,82.19,25.11,49.31,6.65,1
7.52,73.39,77.58,94.6,5.24,0
6.33,98.92,29.53,64.34,8.7,1
36.35,84.77,1.79,76.89,5.55,1
34.72,79.52,75.05,65.29,6.41,1
36.01,88.8,29.83,40.37,7.74,0
20.24,76.54,27.31,92.4,8.81,0
3.75,93.59,38.04,70.25,7.61,1
13.1,73.3,46.27,73.98,4.06,0
35.37,55.21,80.47,91.48,9.57,1
17.48,59.9,15.94,89.83,5.69,0
13.75,72.34,53.28,51.03,8.75,0
12.52,72.01,0.97,82.83,5.75,0
22.43,96.34,6.22,49.75,4.57,0
18.64,71.57,65.34,91.64,5.43,0
15.62,54.11,92.78,90.6,8.55,1
17.5,73.94,6.05,61.19,5.28,0
11.4,85.64,27.07,85.56,8.27,1
8.48,61.44,8.94,56.96,4.28,0
8.87,93.59,4.44,90.44,4.68,0
2.5,50.37,59.16,78.14,4.58,0
37.88,85.23,88.11,42.24,8.65,1
38.3,62.48,12.08,63.04,4.17,0
5.01,86.46,58.67,93.56,9.92,0
3.88,80.33,17.55,68.5,5.71,1
17.23,95.1,40.81,77.39,5.5,1
30.79,54.4,29.18,82.63,8.43,0
33.22,74.45,16.48,73.44,7.13,0
1.83,80.38,33.34,63.56,9.68,0
12.05,93.24,71.57,91.37,7.53,1
21.88,50.77,17.66,91.02,6.52,0
6.27,89.73,41.47,68.29,4.69,0
38.83,73.84,59.36,64.07,8.29,1
10.8,94.81,96.22,53.14,9.9,1
21.72,54.88,22.94,80.44,8.18,0
5.28,61.43,58.63,97.81,6.57,0
14.22,74.6,3.15,56.04,5.78,0
5.8,84.36,25.03,69.8,4.21,0
36.56,56.45,51.45,64.13,5.96,0
38.04,80.36,50.38,79.36,6.32,1
22.11,71.78,99.89,50.89,9.7,1
14.64,67.33,19.43,73.33,6.72,0
13.62,85.73,63.18,93.79,5.1,1
37.02,78.29,6.33,45.32,8.84,0
25.15,54.5,88.07,59.11,4.55,0
16.97,69.39,8.86,44.3,8.75,0
31.09,51.83,47.43,72.86,9.83,0
21.88,68.91,73.95,92.48,9.3,1
9.5,96.2,54.02,73.16,9.23,0
10.3,81.46,29.7,90.95,9.32,0
11.73,85.64,84.68,49.26,7.22,0
1.62,64.67,78.34,42.04,4.3,0
10.98,84.16,89.69,87.55,7.12,1
24.84,97.97,58.75,50.36,4.97,1
30.38,86.94,44.61,87.45,6.94,1
5.42,92.84,81.02,83.79,8.92,1
38.92,57.33,68.36,98.96,4.7,1
20.06,74.81,25.46,43.66,7.95,0
3.43,60.04,34.24,72.03,7.5,0
37.66,79.35,58.7,83.47,7.93,1
11.6,81.41,4.18,52.19,9.69,0
13.08,53.04,12.57,69.5,8.91,0
18.91,98.8,43.68,48.37,9.29,1
13.65,87.67,25.28,52.35,8.79,0
7.93,82.57,81.23,43.61,5.14,0
5.96,66.33,45.93,46.62,4.25,0
20.88,68.33,79.74,61.65,6.28,0
3.75,53.33,28.93,54.05,8.09,0
28.68,56.23,6.81,73.66,4.1,0
14.33,68.68,95.93,58.67,5.2,0
39.71,88.53,33.44,56.25,8.5,1
3.45,86.74,62.8,61.92,5.19,1
2.89,59.55,42.04,53.21,7.96,0
10.82,64.17,73.95,46.32,5.76,0
14.71,52.99,63.81,88.39,5.55,0
32.72,85.97,60.55,42.93,7.61,1
33.36,96.45,18.52,80.19,4.79,1
29.22,71.62,69.48,89.74,5.9,1
33.2,63.27,62.41,70.05,8.89,0
29.41,61.59,41.29,71.71,6.76,1
35.05,89.14,32.96,57.99,7.05,1
19.12,82.62,83.71,46.35,6.73,1
11.78,99.32,17.29,44.42,5.6,0
25.55,97.57,68.31,45.95,4.07,1
15.22,53.65,33.09,54.97,5.06,0
3.64,59.03,36.74,61.69,8.37,0
34.38,57.29,43.17,66.46,6.85,0
33.53,75.19,90.14,49.75,9.15,1
20.36,70.11,1.68,69.62,7.78,0
19.17,89.46,5.29,52.69,8.83,0
5.64,59.91,65.29,84.11,7.83,0
5.91,55.05,4.3,56.28,4.36,0
32.11,81.52,69.53,48.2,7.8,1
34.31,58.92,61.86,89.71,4.11,1
1.22,90.48,74.82,84.8,7.69,1
31.57,63.21,0.55,52.79,6.85,0
21.9,69.46,34.42,87.72,4.07,0
18.06,67.27,34.3,55.52,7.97,0
19.54,97.39,1.2,76.72,7.63,1
28.81,62.96,18.4,84.09,7.43,0
1.09,71.04,47.63,92.62,7.27,1
3.45,70.49,17.78,40.34,9.43,0
33.81,92.55,18.63,99.37,8.66,1
39.91,90.84,60.93,50.03,8.31,1
10.42,92.66,28.66,83.0,9.74,0
16.6,81.21,36.53,89.57,5.21,1
28.38,62.6,36.58,66.53,8.5,1
26.93,59.86,23.82,72.11,4.05,0
31.57,55.94,32.98,54.01,8.98,0
36.65,78.58,22.31,60.38,6.2,0
11.3,69.34,42.27,43.22,5.71,0
21.56,52.75,21.15,48.95,7.19,0
6.48,85.61,12.45,75.58,5.56,0
38.84,73.14,77.3,51.34,9.05,1
30.54,52.94,88.81,79.25,5.48,0
8.31,72.13,90.02,55.4,5.22,0
29.85,97.36,23.53,67.8,4.21,0
32.15,58.9,80.21,50.82,4.36,0
6.32,81.94,43.99,69.78,9.71,0
20.47,71.37,25.45,46.3,5.98,0
33.09,66.46,18.07,49.93,8.29,0
14.54,57.53,6.77,80.96,5.98,0
2.97,68.95,50.04,72.01,9.7,0
14.42,51.33,63.13,91.4,4.72,0
31.5,68.61,76.98,96.91,6.09,1
4.92,78.27,75.07,49.05,8.68,0
13.1,66.65,82.89,61.2,4.07,0
34.29,57.64,22.84,86.08,5.79,0
7.32,71.59,77.69,46.23,9.38,0
16.16,67.87,18.13,66.86,9.73,0
22.61,99.17,64.81,49.62,9.13,1
7.94,78.19,85.07,73.29,9.35,1
28.33,72.88,0.25,80.38,9.05,0
31.47,98.0,99.11,99.48,8.02,1
25.75,89.19,3.13,84.08,9.71,0
34.61,67.63,64.36,73.45,8.48,1
6.1,73.3,14.12,46.79,6.71,0
1.13,75.8,99.8,46.65,5.85,0
11.41,60.34,8.9,56.95,7.59,0
33.76,56.62,98.32,40.13,5.45,1
5.95,57.73,40.87,74.05,7.91,0
30.79,68.2,18.23,78.99,8.72,0
37.24,54.63,25.5,65.46,8.84,0
22.87,59.86,58.03,71.98,4.19,0
35.44,55.13,2.29,64.63,5.2,0
10.68,50.79,87.86,44.57,7.49,0
29.19,69.67,34.5,92.23,4.14,1
31.43,72.26,24.8,85.95,7.13,1
20.01,87.32,44.97,64.12,9.0,1
24.51,78.35,14.96,77.17,9.25,1
4.47,92.9,89.62,52.87,4.37,0
11.78,84.31,99.21,72.06,8.41,1
3.99,90.89,38.67,92.57,7.44,0
10.34,78.29,6.07,40.53,5.59,0
35.81,76.47,99.08,61.1,5.67,1
2.2,98.35,81.93,43.63,4.77,0
20.38,70.66,61.79,49.9,9.07,1
21.38,76.25,84.83,46.77,8.79,1
12.15,84.95,68.77,77.88,9.77,1
31.48,74.31,64.97,56.65,5.52,0
23.99,70.91,12.11,47.6,8.27,0
8.61,83.39,82.94,52.13,9.64,1
19.38,52.41,88.96,73.35,7.77,0
1.91,92.94,67.62,65.96,5.47,0
1.7,98.87,3.02,61.15,9.61,0
29.66,80.67,46.05,89.44,8.49,1
7.72,73.42,95.77,45.55,8.79,1
38.77,72.66,89.09,49.85,7.23,1
14.97,78.13,85.69,84.47,5.46,1
28.25,86.49,53.0,96.88,6.0,1
19.04,64.96,16.33,91.44,6.15,1
16.97,65.84,40.01,83.16,8.29,1
27.05,56.88,77.66,46.94,8.88,0
25.42,86.37,82.94,99.66,6.43,1
35.2,68.64,94.47,70.66,7.77,1
4.29,91.81,48.67,97.25,6.85,0
20.76,74.04,65.77,54.59,4.1,1
24.7,55.7,14.86,51.14,9.42,0
26.34,99.99,62.75,90.06,9.8,1
25.39,90.88,54.86,60.84,6.66,1
15.35,63.48,38.42,62.88,6.73,0
2.21,54.05,10.16,48.28,8.47,0
28.83,51.61,7.35,90.96,6.0,0
2.71,89.35,44.36,75.04,6.21,0
19.36,55.34,51.19,57.56,4.31,0
29.05,62.84,8.63,75.26,5.2,0
11.67,54.92,27.04,57.69,4.88,0
2.08,98.07,72.53,86.1,9.51,0
4.62,66.58,78.49,48.67,4.55,0
6.43,61.8,72.2,61.64,5.37,0
26.94,85.86,27.99,96.81,5.11,1
26.49,82.49,96.78,87.32,6.26,1
39.16,67.15,32.77,92.39,5.52,1
13.63,77.99,84.83,58.97,7.14,0
6.12,81.34,68.48,78.53,7.79,1
7.73,70.7,41.39,43.61,5.63,0
2.25,90.14,33.32,78.93,4.25,0
33.13,87.49,60.81,53.31,9.86,1
3.97,92.73,23.09,50.73,8.09,0
35.85,54.71,45.43,60.95,4.67,0
2.89,79.18,59.28,78.22,9.86,0
32.72,86.46,74.21,44.23,6.42,1
8.63,50.86,22.14,63.44,9.38,0
1.9,80.37,6.78,55.16,8.22,0
28.36,68.01,18.68,82.54,4.5,0
1.1,94.2,63.69,92.7,7.63,1
12.61,91.46,80.36,63.21,6.67,1
3.23,62.59,21.87,65.69,4.74,0
5.73,89.72,56.1,93.4,4.04,0
5.89,56.81,38.97,42.81,9.91,0
29.2,89.08,2.69,83.32,5.75,0
38.91,84.29,9.1,97.29,8.67,1
10.54,91.31,3.15,69.86,5.75,0
16.56,76.14,48.44,44.57,8.31,0
15.6,88.6,73.31,66.83,5.16,1
11.02,86.55,6.09,72.18,4.66,0
28.8,52.89,27.65,52.58,8.42,0
11.58,75.75,3.38,74.43,5.71,0
21.06,78.04,19.25,48.9,8.76,1
6.06,95.15,61.88,52.84,7.35,1
34.07,77.5,43.73,95.16,6.02,1
27.81,95.01,24.78,41.02,4.47,0
22.01,61.96,27.48,86.44,5.56,0
24.95,71.62,12.66,74.32,4.28,0
9.75,76.33,63.77,48.13,7.9,0
33.92,67.47,77.76,99.54,5.44,1
5.77,67.0,58.08,56.3,5.06,0
35.36,58.05,40.3,51.54,6.06,1
24.91,58.62,17.62,54.85,6.98,0
37.67,92.53,72.72,68.48,9.45,1
12.24,86.91,9.97,80.21,8.0,0
37.48,72.02,23.78,63.0,8.91,0
25.89,88.84,70.25,75.19,5.77,1
1.39,57.49,3.9,85.38,5.25,0
5.01,60.48,53.41,60.35,8.46,0
24.12,79.44,13.58,94.09,6.62,0
4.71,55.22,61.99,97.04,8.18,0
30.17,83.5,93.04,88.94,4.11,1
27.21,66.03,42.25,53.34,9.07,0
8.31,94.74,6.66,69.28,5.6,0
25.84,81.43,3.05,55.68,7.12,0
23.1,72.08,93.94,87.88,8.66,1
10.61,77.09,46.85,50.58,4.74,0
28.59,61.39,90.64,57.33,8.64,1
10.8,51.71,41.17,56.51,9.41,0
34.72,52.78,30.7,96.19,7.04,0
16.45,70.05,27.51,91.29,7.09,0
20.32,92.39,51.01,67.52,8.25,1
26.79,84.56,74.83,98.05,9.21,1
35.44,82.17,60.31,58.78,7.0,1
18.79,97.64,62.15,80.18,4.42,1
26.54,94.69,14.52,47.15,7.39,0
24.28,71.44,59.41,46.98,9.31,0
3.81,87.16,21.67,56.28,5.41,0
25.68,75.21,78.61,94.07,4.31,1
2.81,84.79,19.11,70.05,9.09,0
20.72,72.28,29.97,54.48,8.39,1
5.15,78.91,9.24,61.26,5.24,0
24.74,58.14,90.48,47.57,4.19,1
29.12,87.19,23.18,65.5,8.91,1
31.65,52.42,9.3,63.73,4.11,0
24.01,53.08,26.28,81.31,6.44,1
39.58,77.51,39.37,88.59,8.12,1
15.04,82.21,18.67,81.6,9.24,0
1.44,64.51,47.14,48.57,7.79,0
32.92,94.89,98.59,59.69,6.06,1
18.64,75.02,96.32,59.68,5.94,0
22.16,56.41,16.6,99.7,5.13,0
34.03,94.78,73.25,87.6,6.01,1
11.22,78.56,23.24,55.6,4.54,0
13.74,84.4,95.53,46.71,9.91,0
4.77,68.01,41.7,65.29,8.51,0
27.59,92.8,37.94,51.95,8.34,1
9.31,81.1,98.21,81.81,5.14,1
34.28,80.69,51.84,99.43,4.93,1
24.8,66.92,16.94,48.08,7.96,0
36.54,96.28,57.84,40.24,7.53,1
3.38,98.45,73.12,91.53,8.63,1
39.68,83.16,69.95,92.34,9.57,1
16.51,51.17,74.22,85.43,7.38,1
22.28,90.32,75.89,82.21,8.07,1
26.11,74.72,94.12,59.3,7.76,1
19.93,98.67,59.12,49.34,8.28,1
21.59,62.77,53.34,66.78,8.91,0
17.27,53.97,79.88,51.2,8.27,0
8.29,92.14,8.48,71.85,7.58,1
38.81,75.08,36.68,61.29,7.64,0
32.24,67.87,62.12,75.1,7.73,1
24.32,71.58,40.91,99.11,8.23,1
3.21,97.14,72.85,53.24,8.9,0
35.89,52.2,54.38,76.8,4.28,1
